Country,Year,GDP_Billion,Population_Million,Life_Expectancy,Hospital_Beds_Per_1000
China,2012,7615.894353177778,1331.4928859097836,79.2797576724562,6.387926357773329
China,2024,3289.169080760243,226.8323832673217,52.323344486727976,8.795585311974417
USA,2014,,994.2208831365032,50.823379771832094,9.72918866945795
Japan,2022,16682.36428784835,305.15136384280385,57.27299868828403,2.650640588680904
France,2016,,-739.4114399688106,,3.6210622617823773
China,2014,12314.687315503113,203.89646630633814,61.685785941408724,4.297256589643226
India,2022,9230.185687497311,1101.394586336289,57.98695128633439,5.628109945722504
India,2011,11929.80846346844,74.56607368079683,74.30179407605753,2.5347171131856236
USA,2015,1488.0215411085344,-1328.9508967821332,88.62528132298237,8.275576133048151
Japan,2017,,145.76423846887357,77.36932106048627,4.961372443656412
Brazil,2019,2616.3570499266207,698.2959050546656,51.375540844608736,9.18388361870904
Russia,2014,,930.905975252035,62.46844304357644,5.680612190600297
Japan,2021,11024.863530996938,-266.9476931804826,88.78338511058234,7.976195410250031
Brazil,2014,18802.079042970945,1253.810017094432,73.9159991524434,9.296868115208051
Nigeria,2015,1952.151540628006,282.4161787626118,51.80909155642152,3.927972976869379
USA,2023,7895.810335851744,387.1751541657153,83.14950036607718,4.210779940242304
China,2015,5762.503291810139,764.3475555899654,55.636968998990504,8.219772826786357
Brazil,2016,1676.1027448594623,1381.772841874719,80.8897907718663,2.7884411338075514
Japan,2012,309.3379190473275,1143.4913855522195,78.27429375390469,7.561064512368886
Brazil,2014,,112.9220659103856,64.33862914177091,2.0428215357261674
China,2013,17289.44783233675,876.3843962903055,63.23592099410597,1.5720251525742128
UK,2018,6357.449969970112,462.0048176171784,79.18424713352256,6.738017242196918
Russia,2018,17766.812303011266,666.3787459751095,54.78376983753207,7.419203085006955
China,2010,15263.543962614569,790.1753046215998,80.83868719818244,5.444160367279517
Russia,2011,10550.110021763483,604.282015518384,51.01676506976381,1.97102284293974
Russia,2022,822.2978765973381,894.6104716566548,62.57423924305307,5.577136220482325
France,2016,18169.816183736642,356.5161985169362,66.41531692142519,7.799960246887438
UK,2018,4730.203676734125,117.00207466202225,61.59005811655072,2.4509915852860398
Germany,2018,,1133.2873275945396,75.33615026041694,8.84314531168946
UK,2016,16112.707122602465,269.33238185158984,85.70235993959912,5.854080177240856
Russia,2024,16187.315072248439,1255.5669068936556,62.72013899887455,1.9904673207490908
Russia,2013,4713.116218330445,603.6798261904963,82.72059063689971,8.74657524930709
France,2015,337.65218451757596,719.9387505828164,66.69644012595116,2.9989702942365724
Russia,2021,,479.28508825104285,87.71638815650077,3.908826388186797
France,2016,10472.054310518648,987.1963528642972,64.54518409517176,9.746038744488645
China,2011,19256.456439853802,359.97739119725617,69.88994023569542,3.707904788350927
China,2015,5839.841788673859,61.272856822800584,74.38257335919587,5.524111209059753
India,2017,1219.2792747497892,397.3185852888899,86.33063543866615,3.1560570160027517
Nigeria,2022,10000000.0,690.3393367858126,,3.178497443603504
India,2021,13508.283838636395,1068.6512653069174,59.50550175969599,7.553947137506736
China,2010,7482.106027841214,888.9051045250754,75.34118843043579,5.821972156672826
France,2012,1987.7374470772843,1171.0704688690407,62.83120259886943,2.678666593598688
UK,2021,1007.3478027843255,831.3411910316561,77.1025744736913,1.1492904603507053
Japan,2021,10339.442554325764,324.82912752513374,75.80691161637799,2.569297861044923
China,2017,13880.567214428826,547.562131357747,87.46919954946938,2.2376884973139393
Japan,2024,,167.7281945244188,86.98774473114251,8.896054180428829
Russia,2012,5307.244228760081,927.3778239875089,,5.996807304395161
Germany,2020,10687.081451448928,346.17468435162783,53.72411071223597,9.074941821579941
USA,2019,18028.277531833945,890.0110256098425,63.56119164194803,4.142886171513948
USA,2015,14573.922441630739,-1256.9832613340823,85.48345697060469,8.018879912718614
Germany,2018,12912.226593854897,126.95455134311787,,9.086987696743714
UK,2022,,22.78390174711521,54.05886171464128,6.971515921972502
USA,2014,300.21936015513,233.52319147032313,71.94935157466344,7.227056779234239
Japan,2012,13108.83293815149,321.7343401501781,,3.135241787471201
Nigeria,2013,6642.914023553501,1047.6230531140536,,8.6430106944476
USA,2017,13220.7352675468,-799.9489586363055,53.7469907131237,4.309442227534902
Japan,2017,5451.0068800981635,349.1456042969262,88.92042219009782,4.537879522000844
Russia,2010,17862.521792506843,887.2826901361955,81.79245214166593,5.523733837946729
China,2023,11622.69691560191,694.5995944082208,,7.502069037353548
Russia,2023,,43.79919333972084,75.81889183628671,2.5939961146634403
France,2011,18821.079970187704,1335.9607220335965,86.59457560881793,4.331428302298999
Russia,2019,506.0410072715751,1300.3628019969383,67.12736593269257,9.699893371393026
China,2011,19279.675546367205,1195.6831430996306,,4.465879557417328
Japan,2023,17052.506096033765,450.52158716722596,56.7797098674437,6.0112113621251515
Russia,2019,18735.864528383463,977.4814173782124,72.8024468035746,1.8745884439369167
Japan,2015,12377.143088643561,1386.1748516449259,55.603360609460964,5.664966871273631
India,2018,,1039.6683786783442,77.88062963981072,7.322356755883983
China,2022,7317.924794151152,418.09266352764575,82.37444621914054,8.291020552112627
Brazil,2023,17368.031907886052,1279.404368053495,70.4536959544375,5.513646652184796
Germany,2021,16006.244543542149,913.4498637810935,78.07867509030814,8.16213402492491
China,2017,17822.105767987814,479.81326802363475,65.02331810559775,1.845837458567821
Russia,2013,11649.946791724245,59.9597605774715,68.6239207252984,5.883801712368189
India,2021,,-831.2582321909249,51.220009997561974,1.3361336987429298
Nigeria,2015,16487.491101061234,510.6649915616554,55.082420506075394,5.700189340493239
Brazil,2014,15445.872351352495,309.991228220612,74.91561903276,1.768127184943912
Japan,2013,,-748.5829378797257,,6.736869113483859
Brazil,2022,14576.608407708698,1366.434390452923,70.65201393204781,3.9066082564712135
Japan,2022,15944.686656420332,386.45682925428315,,1.7061074320803935
France,2017,701.9447196260587,1348.0812964023157,83.43920482048824,7.263767854843282
USA,2019,8297.268299402544,250.87910489847562,,3.252186083481358
Nigeria,2014,11074.687961181186,1003.2883325530867,76.40789506870925,3.5194050725134858
Japan,2010,19106.33255713124,1035.6767142071183,,6.5054867161091705
India,2022,8508.08123607024,354.34607540660886,64.23890714605047,7.820614994179322
Nigeria,2012,484.9910748691662,171.34097030461356,51.84010568087011,1.3665592208707311
USA,2024,17138.119563417942,988.084424538233,68.966953163493,1.8805074458590134
India,2020,9933.994327313281,668.1257613849863,56.92807479640061,4.904664843141758
China,2016,8090.393741067994,866.0316362925809,75.40374603470575,1.4077360879484007
Nigeria,2015,,879.9452828427885,70.12545034320351,8.7084085706949
Brazil,2022,13242.13390605511,236.47885364318728,52.82274989601719,6.78177350385684
Russia,2011,724.9239487241119,824.228057970114,87.6092096569983,6.179267600882911
India,2021,7885.764538889134,904.1706236348709,68.33011561966066,5.910551103843415
Nigeria,2020,18841.0032137752,546.6826665430762,88.44762255295657,9.148155777604574
France,2019,4076.6644688280694,106.41220821647998,54.03112005509706,1.1639964308639477
USA,2011,10000000.0,959.3794150487361,52.84754593840916,3.8707806726438516
Nigeria,2019,16928.5311571952,42.347990672797955,82.57873930355743,3.5366929729605996
Germany,2014,2539.663586908794,978.4646598561694,75.15771387119536,inf
Nigeria,2024,14754.406667316938,1126.8384932349395,61.28138290285226,2.5969558940175053
Russia,2019,,1131.5002875814969,89.62020568002694,4.713559092202838
Brazil,2019,7565.958098697107,1089.2140154313756,63.63214161012071,9.376815930432082
Brazil,2017,17196.572486491634,606.3016980512755,80.03484271165989,7.7908858667621415
Japan,2012,,1264.5485402845977,,8.438117194969674
Germany,2017,,1254.7772876097188,,1.0975388633226852
France,2019,,136.88848073272564,62.7725455036166,9.550557703457244
Germany,2015,,807.0786644913677,75.27348848679196,5.036009697804878
China,2010,6005.573279621678,466.8437180641832,76.90073824308153,7.77137076493912
UK,2023,15873.2650657718,1107.56921848443,53.64824412194761,5.449782742323233
USA,2017,1339.6634483295568,773.8451464299924,67.66122005493509,8.989337644824698
Nigeria,2011,7148.117248531158,172.72315283437214,55.719667282113434,7.85359568545725
Brazil,2017,12440.717653661968,150.56051981067844,53.364272244599896,inf
Japan,2024,1640.7075260110319,1152.3854824135951,78.24968908625985,1.7321390257770979
France,2010,1879.7867388867999,1381.4290141166339,64.9708318302448,4.335779323602019
India,2019,16293.431431698551,1326.6755225635636,89.44004255291483,7.780403667330475
China,2019,7649.939793512132,126.06599621114958,81.08587663709747,6.025638247622245
Germany,2024,8599.59578309013,1269.832595281683,54.447899292246056,5.433625938617732
Germany,2021,424.80216639489754,661.4382923718355,52.25213102727349,2.0693612464126474
Russia,2011,,912.4023199413283,79.84179517061693,6.250318885874437
Russia,2024,19251.01645979593,531.0701055379486,61.42848345127443,8.817392153705143
UK,2015,4627.197602685163,1348.8793298224498,50.48617898759265,9.728909440368751
Japan,2021,1054.566256621407,1248.6889280403188,71.108044363452,9.936683165073703
Nigeria,2023,1661.1719817608976,779.8574553178358,88.77210142476396,5.707880597531339
India,2012,,977.0906776886179,68.18164259071094,6.648022720756571
Indai,2021,11769.423376077384,1262.6096345824747,51.81785521365831,3.528668706330073
UK,2022,19018.147384715863,1247.4666596083737,,6.581193380213831
India,2021,5692.147423026427,-271.48841201602824,68.54793619759928,4.180170052234475
India,2023,11756.391014647266,118.05114538132892,88.97579230664667,9.875896700316426
France,2013,14023.601937590955,755.1739492183274,62.381104651453114,8.324155177362538
France,2012,,236.0375456893989,86.4370873797537,8.402835186308522
China,2020,19006.038283180096,1018.7501166598204,74.5366078374316,4.76418732661557
UK,2020,18668.023970409464,1213.8288064055675,51.808746804247576,1.2373027704752682
India,2010,7653.974664185382,1136.6691297867478,,2.3537520199317536
Japan,2013,,539.4382907171199,88.79657591258413,8.579070308221379
UK,2014,16798.90835328053,661.4834921150087,66.5927800935066,3.4606636473763563
India,2016,1316.234833688357,1211.964102994524,82.51604036520311,9.997459059575176
India,2021,19933.409374063325,782.0500707876522,80.75949660722043,9.502891568941852
France,2024,17023.018335412748,353.8138614230447,68.02176541240374,2.162434736363455
China,2022,19090.210339722704,852.5827418867233,59.145712220138506,7.045306159652711
USA,2014,12438.939161066337,507.8461780656483,54.54230368798516,7.044158760335196
Japan,2020,10502.092477895107,1083.5225645125386,70.80654004447973,8.669633502866862
Germany,2021,11127.755407734814,789.7037804341869,85.06614410633381,4.631345795911574
Nigeria,2014,2853.5015233226864,50.00792007554117,80.20549022694476,6.582785962181182
UK,2014,14140.779408364626,306.0201844973859,55.45485902347079,1.1309019910109375
China,2019,7141.63366437062,829.98558472794,65.68976180398928,4.937274298213562
Germany,2022,18102.34215097622,494.07509916238746,70.55957956639243,8.052877114670288
USA,2013,8051.547089961149,874.7005133167441,84.4945483498698,9.54568561291878
China,2013,3112.054922394951,1297.9567989744771,69.68465172318153,3.324199494690625
UK,2010,9290.887973517574,1372.245279646813,,3.958764492587574
Germany,2022,12741.33691547117,343.8024101016884,53.03453312434656,2.159917497195843
Germany,2020_est,2735.3076113638945,221.14474398208915,55.55308690597641,6.767872703228932
Russia,2014,3801.2256711030677,490.47752382016984,85.87153639624047,5.265654762365851
China,2019,13417.643222716339,249.52462097026546,57.69156075234683,1.3678175463983098
Germany,2021,,397.2405712544225,,1.7983228038135004
France,2024,,650.4824875654888,,4.278428749432679
Nigeria,2024,10167.661962926166,969.6488117948178,51.57248559364396,8.194693590181384
Nigeria,2022,12632.427711919974,123.64505440893195,84.94314496427108,9.287851604786319
USA,2024,1409.3436051263022,394.8599309246132,82.24805119172245,7.734337213452926
UK,2023,,300.9955594380273,64.81888411165528,5.360706866719192
Brazil,2021,,522.7899590019837,68.50138864532592,7.727238443203809
India,2011,,360.8873526381889,,9.056861539184794
USA,2021,,749.6377445187887,54.28688045359104,inf
USA,2020,,-347.0340000522742,60.76972923797524,4.395557467941604
UK,2020,597.4097159989822,457.6900401606178,58.45792027986178,3.9474761696012317
India,2022,2571.290210021174,-1247.832920228454,,7.111920872300407
Germany,2017,15825.590524425299,702.8346565113897,53.47681152349695,5.83395887636693
Nigeria,2020,11819.454136813407,1046.1608691162187,67.26638184918718,2.148222725160074
France,2014,5818.762934814745,514.6843919941027,75.83668965326405,6.137004742020207
France,2023,,1381.2561958222418,74.23099277427548,3.1350411256239505
Japan,2022,,222.47420346622152,59.83830913538033,2.446132359336001
India,2021,3894.0270762158543,406.2822844844475,56.93494381179019,9.070888821637826
Russia,2011,1788.6281641005157,739.070831502654,66.41587307958646,9.841407552177458
UK,2022,2418.3702629274367,563.0192826735808,88.77881733101475,8.789564133045822
INDIA,2012,16378.027004795742,368.48492959246636,,7.017788979319879
France,2013,18601.6445847262,783.9004212893624,,3.5198118429425573
Brazil,2015,15435.96007720035,269.9908104949575,62.947169456169746,4.828927947547751
USA,2010,10250.685497952209,346.9495280569615,,6.495580381974693
USA,2015,5914.884954157064,817.921127777431,56.17450861096809,5.330260916693358
USA,2024,10745.2707645214,82.0347161831734,63.46417112775683,2.209732092450768
UK,2016,1454.8244153608014,1386.0447230220238,62.89415379898892,8.288870012691714
Japan,2017,,957.2887838912617,80.40911439558747,6.360748665470599
Brazil,2019,9537.208533293136,582.4588706647032,63.95473066171981,9.365762298230432
Russia,2013,16646.264274197038,1351.3874058264526,54.97188893942179,7.577807276832798
Japan,2018,18779.14104505655,261.9139619702676,,7.670085843610531
China,2021,11574.567640962256,1180.141999693998,55.59089506505158,8.15740580673901
USA,2015,4192.220936945341,237.48176058332928,56.570631917239716,8.33117248208244
Nigeria,2023,13370.904969784762,737.0609404290759,64.3532193649401,8.894804867317974
China,2020,7970.41312696818,1145.0732208654922,67.56539634280874,4.392499864824169
UK,2017,9361.059756258208,428.91524508815746,79.90437520705004,5.5244835108323125
France,2011,4797.8113639069825,1260.4086568516502,65.35564885492846,5.891975750025898
Brazil,2014,18148.14779709803,877.690814320449,,9.458489112521276
India,2012,12628.619450814074,475.5188043733497,55.57088290653549,8.146226703432664
Brazil,2014,,751.510917847087,85.7557033220383,8.097374901020777
France,2018,3203.1626187084735,-443.29367423581203,59.93956559257863,7.695516633154092
India,2012,863.9422077684318,-802.14666197113,80.49834742962761,8.890890730855745
USA,2017,6973.218624574968,-1151.5476534940979,54.42526947820829,8.618070625610663
Brazil,2017,2724.275514173252,562.2293338789106,81.89181463118214,2.349256846138964
UK,2024,4739.177625606301,1013.9310700663622,78.80146146184298,6.770328695967676
India,2012,13940.17920044858,764.3869762531587,60.07196235627811,4.111263941535275
USA,2019,3795.6347926682283,1272.7462802537434,,4.607662750872759
UK,2013,9347.714912153828,1326.7238420604233,,6.276068488151175
UK,2019,,859.9213872541604,50.72440735283362,8.849115180497364
UK,2023,18655.941993175526,795.5351251890004,77.8660329550757,9.302494430595662
Nigeria,2020,14203.324959405292,222.02926965082327,,6.460435417445703
Russia,2017,8597.787291787243,1033.6574875183646,87.37468059076059,9.330116616160987
China,2015,,167.4008837186498,89.39364795849337,8.550082778013408
Nigeria,2023,2668.3210878246837,1289.9702168381475,84.79585448248514,5.669542514134649
USA,2019,11907.253627749598,564.613758379481,52.19046555288125,4.016775174813109
USA,2013,16096.498282240627,16.438511976397976,63.33996686764577,4.58351824231849
Germany,2024,10840.432938170872,1288.599306813737,63.85383977463845,4.122578817066049
France,2016,14802.524712573018,638.582937836832,58.98419291759928,5.07195564519424
Nigeria,2018,2988.9690035200374,255.17791124365039,69.9347109095792,4.770329045540931
USA,2020,18313.94884114838,513.7275197721201,,6.690378591275773
France,2017,459.270240449006,932.3169471032277,57.121438674790056,9.649632857225097
USA,2017,3143.5220095116365,586.327531980563,53.413986723145754,9.971868266613527
Japan,2022,10143.461204558604,837.5851740748609,52.6830590955371,7.7496442335926
Germany,2016,,1258.2954623225921,58.205585619280285,2.716189485972999
Japan,2016,923.6834233922787,666.173053702899,72.59364533050466,1.5913777548551713
UK,2020,15555.446810561209,640.0714802997584,,4.966864722444053
France,2013,8135.108605331455,787.9000605184228,56.2096098372285,2.63735317445744
Nigeria,2020,,1325.1004923657495,,3.436702058291984
India,2023,,-578.140497826354,51.015454226413794,2.4053733762957132
Japan,2014,14376.25013117847,925.9042792551104,51.083839700139336,2.997749457396545
USA,2017,4775.280972443814,943.9309136022325,50.788421510174565,1.9369772378611647
Nigeria,2012,16038.33849038915,258.1770802555237,76.10984431407499,3.1436450294205387
UK,2018,2168.9395766350344,348.0093454892412,78.89067727422636,8.701268212956572
China,2010,16638.353318426434,562.0851061696522,76.72340546282584,2.844858658742389
Germany,2010,,1255.9067877443565,50.52007694042944,1.7695767776902127
Russia,2018,4316.147851891341,46.879763384609404,57.257417403591894,6.247374048727229
USA,2023,8544.206101731459,1250.813678396995,82.69774246953764,4.076356165280884
Russia,2022,5336.5839819395915,537.772447352501,,3.4125727674058863
UK,2014,12558.148375412853,579.0821965458242,,4.92513876221785
France,2014,,1328.3500966773977,,2.261018581898073
UK,2022,,687.5293655668239,85.78208907576365,8.198697303525837
China,2015,8619.227388490823,41.232338564963186,60.74709437539784,5.874707931947802
Brazil,2021,12742.868752557715,-368.46388275215116,55.57424296291296,8.514372131193692
Brazil,2015,19691.16317793033,740.7093534007333,56.86717143393214,3.4507659386743206
Nigeria,2016,564.1353956398414,1280.8753411190937,,6.188648279628282
Nigeria,2015,5626.293369606678,780.3074234969529,76.05681553407457,8.467676233364815
Nigeria,2017,,25.284201835287863,55.47542520275229,9.100167776632945
USA,2023,17503.0235357378,840.4042120167285,,6.9853300709163
Japan,2015,3672.351316744302,1281.0326048356942,66.75082099568293,4.448246754245477
UK,2023,,75.28269381732652,56.65133475024318,7.642302547837334
Japan,2023,1839.413624917504,848.3814321582796,59.81396438725284,4.503660526377789
Brazil,2012,5916.1359880598575,504.3850758862793,78.76183620736981,3.6740954406085753
UK,2012,11414.811877878565,671.7100590567485,76.54684661450592,9.431467653922821
USA,2014,14704.927524762956,308.7671262411519,,3.360376398698426
France,2024,11982.543027865046,81.48188074310798,69.85464988804945,6.371585640252003
USA,2010,6818.029038175824,1081.5679632066924,54.263930125350875,1.6762400356222789
Nigeria,2016,14618.137372831347,698.7329295266159,77.53609585710944,4.913446047433716
india ,2010,5078.760258134314,1148.5522215671376,81.97663515875917,7.252268237689841
India,2024,5588.4737171532615,830.4206269480311,64.43895587760107,1.8242386599397074
France,2020,18362.808794152406,200.17789697735634,88.0094941528321,5.014051956621602
Germany,2013,3865.631991004669,763.2423168559178,84.91783343505634,7.590023977686051
Russia,2021,16169.910727656705,925.7088797278972,77.6910625807141,8.642760864087872
France,2013,5143.4265754118815,690.3006994639653,58.84837767278409,9.889012071969823
UK,2014,,64.80326780222319,78.22300690062754,9.327234856740992
UK,2013,3775.391833521204,799.443870468155,86.61953190352168,1.3055138072721895
India,2019,14008.92129148743,423.3151202478456,86.97584781506121,9.73952420648831
India,2010,18896.476484445993,669.1577611538746,84.48170603957254,8.600944586815633
India,2017,6518.189370216462,1162.1925090694415,,6.366428906338477
France,2020_est,4754.174978296521,177.58797123041754,53.078128065168364,7.266598982903258
Brazil,2015,6929.524282607709,1017.4258124249784,52.614253631957695,3.837613040475493
China,2013,10881.927589031677,1109.1051991261593,62.7501001172828,6.633022387933082
Brazil,2011,17742.359415076506,866.0498315734034,59.31837899014535,1.2196070340088423
Germany,2024,17427.95770323841,39.56448108203812,84.98806690736798,5.760434206244907
Germany,2024,18793.540430555346,1120.308697725395,89.9173644213335,4.156406339065391
France,2010,15390.328120836313,-568.6839699168466,69.19502481215636,6.64754916896533
Russia,2018,17498.80686088951,1377.8760221870202,80.73093655458072,4.759901039506004
Germany,2010,8542.86864508599,1035.2393992085592,59.55108583073209,inf
USA,2019,7221.518721287375,409.2621983991736,61.8523248182396,3.1024697594491895
Inida,2017,1033.4451547999652,34.844769279445195,89.50889558944127,4.849958203622761
Nigeria,2010,7809.667613761697,-954.7097229433671,58.730155514602565,9.549650655552028
USA,2012,15769.631285427931,134.28129321404072,,8.912064768059482
France,2021,18905.694041369923,659.6881006373189,,2.503305514828677
UK,2024,,332.0236649229863,87.70927096540503,6.846819840931316
UK,2021,12233.188538601411,722.637030312947,59.22679246871034,2.5887522880495744
China,2021,4565.626939589472,269.14918438051376,81.18337894267013,4.151127332500571
Japan,2021,,1357.0526558957276,85.35143539853703,9.349770548756917
Russia,2015,19899.17488839942,251.71439641508732,65.84968075610635,7.824146281336822
Germany,2019,10000000.0,223.91530981239853,82.6333249996247,3.019965146529946
Brazil,2021,4631.588773487937,756.3944478218449,73.71759739366813,6.220775870540301
China,2015,2011.4393804755464,1229.6705990562286,60.624001703548245,2.1656342915452376
France,2014,17797.211981405748,1338.355582539357,84.48510469061802,8.285644672523903
Brazil,2015,,775.6917451467036,,4.676078917636288
India,2023,,371.0577594268534,78.9368045475434,5.4628816157089375
France,2018,1804.7150749714292,316.05465071023775,77.33035054638384,1.6851777354127018
UK,2021,17053.89689816562,698.2536725494243,69.22346309306592,6.331670061935658
USA,2015,16528.683125317955,493.45479898404835,77.12064610236254,6.09158767596212
Japan,2018,5487.159749354542,1231.2956810336696,81.89704086427713,6.926066511925829
Japan,2010,17041.51823606599,1215.5389393341252,,8.533119955273047
China,2010,14009.934941051815,955.3956727468176,74.74445512860737,7.774449756018771
Japan,2016,3340.3810848028593,1234.4103552865106,84.87374110980929,1.2632255473110323
Russia,2016,16551.1716611823,189.12911578808882,63.40475417036568,7.69157430662447
Russia,2013,3383.0459417565025,1146.9741635254964,83.28536711830968,5.567209603847526
Russia,2018,326.4402599933049,-408.98300511312874,,9.830675602246812
UK,2020,,371.1269776791821,,5.8598684174427
France,2020,,158.7030879694722,80.44111610008112,5.871399208084992
Russia,2023,19267.241676408095,485.2023107937737,75.30487572535793,9.388252949590157
France,2013,2229.6926142154493,1312.7475972586672,,1.610533531946547
Nigeria,2012,6159.078625546962,994.3592032169414,52.69402405875087,6.23953414158646
India,2024,7048.484527668544,873.0725696967932,,8.843831255371386
Japan,2018,19475.08158971246,1356.7402188471112,79.986073269717,2.170776161175688
Nigeria,2016,15213.611279394647,44.1758138777341,,3.912491972345871
India,2010,9875.135170012381,1080.8663107528325,77.33181506426021,5.013124357390735
Brazil,2012,5617.807992376985,1396.0030552192186,67.04725208943891,5.062483218967079
UK,2019,,1114.7852727624017,77.74728903125954,2.9869265150988435
Japan,2024,1831.1447031936855,955.8940298838512,,3.459335742983884
UK,2024,19027.098532558124,219.97046957545132,67.29339204170408,9.49254328150839
UK,2020,8510.600875137221,897.5510672530789,65.90377591851177,3.4679368211380304
Russia,2015,19682.7574296046,578.9742687779097,85.76396814716537,3.0695914530197754
Germany,2023,,53.27637520947079,76.0666730150354,4.316737093513851
Germany,2018,17314.293346824812,667.7617703012645,88.72773711658887,2.6697296413280904
France,2014,17398.738725521092,1089.469625380521,,8.60304905305199
india ,2019,15268.275020671377,880.4462470676674,55.249795107295505,1.2927356154212672
Russia,2010,,867.1439371838259,81.86149163904705,5.33370116361295
China,2011,2522.7021414554106,184.0082511615451,77.42261148915885,4.872753054095164
Germany,2024,4170.389588666667,693.3164199705973,,6.237742617229589
Brazil,2024,5526.069407814934,1118.6071498856916,62.41447835694295,5.09698134173621
China,2014,430.08669018039257,110.70117403443685,65.6997422562674,5.319449512454112
China,2022,12080.406852762213,415.4109844059315,,8.741101574702842
Germany,2018,15641.049580088325,65.07016723421643,69.22027789031316,1.9443716057635738
Russia,2010,4992.491314078044,1381.4610046413336,,5.489993381062204
Russia,2020,12439.483539498759,986.4263090563045,72.38594733947656,1.087937626772653
Nigeria,2015,6663.933903231039,729.6191843047488,,4.155642380882627
Russia,2018,,119.22411104547884,65.87693104806384,2.194441786387543
Russia,2010,,968.3563071007994,82.0234679643633,2.8013521982032907
Nigeria,2016,3516.155128729581,155.34929806481634,75.45720998174546,7.35828153838211
France,2022,825.4056675477124,1311.335022278729,52.0788513460589,5.871667017709634
UK,2022,14239.398285128145,1220.647082007059,,8.215552747628127
Germany,2015,6921.11381234756,1142.606908107652,53.204593855387,9.05334990454475
China,2015,11042.329047843978,1146.0439002478663,68.092731380732,6.792199256768725
France,2015,10622.772686535041,1026.9094352399113,53.26519928122358,1.5431687559150742
France,2020,5092.644033400899,231.7671053573318,84.87134266368807,2.9729258862223986
UK,2024,19522.1320652188,478.2851505618385,57.28471662754797,8.107286564282312
UK,2010,13242.413954917347,702.4920458698632,72.21454203750525,7.472816004450374
Brazil,2015,4723.403878359715,-1394.9041433188713,88.99172648587133,6.852931177122432
Brazil,2011,4150.940528397074,-955.517256979495,52.887936359167036,1.2758725198522547
India,2022,5302.1211925220305,653.0459098676497,84.73090021633521,7.544521627896772
Nigeria,2014,14905.589119759625,601.4357348828247,63.83739970187852,inf
China,2012,19755.461361973947,65.75177606335065,84.68125984489794,6.208078677151541
Russia,2012,8884.585299953891,1018.1081479770397,69.46675765698811,8.860809142734945
USA,2016,,596.192088354103,61.073111889402064,6.33115295734026
Nigeria,2022,18264.794243210483,302.8204427178765,,6.684041980832685
China,2018,14715.637843822564,192.87908232689114,78.63299858728354,9.181292685990769
USA,2013,3757.725555630791,340.18522164418994,88.85580376166558,2.628792574385408
Japan,2023,17116.824848717668,694.2662204627684,59.88924297612708,8.836749111452603
Japan,2020,9017.044049052776,725.5961219622694,64.36933477599062,6.3365576629143465
Germany,2022,3437.772677183451,553.6033359459474,88.7764928934115,3.3232008943101476
USA,2020,13203.385957917586,-462.0141892723259,80.93892502746402,2.177862946465148
Japan,2014,,-640.7674625232586,59.44201853385856,1.6614707259701138
UK,2017,3561.2065207333067,732.4857884928646,63.48012705725145,8.459950292943486
USA,2024,8731.572968503757,355.7128388968056,74.6857994641612,7.360994951969012
INDIA,2012,3507.429776438807,242.99071064076156,51.46685707734172,7.627618135590764
Russia,2016,13343.329646911741,669.7369172922413,83.76681795876789,8.251031376550479
India,2024,11790.016415055692,1216.8970799134295,58.23364840147073,2.007276574579551
Japan,2013,5541.042308036394,89.35072996414765,71.24678112004128,9.429451230654653
India,2019,979.002105236491,179.73278047393725,68.08796113133741,9.404875157751144
Nigeria,2013,6459.89087853966,715.0563840768655,51.662914362015684,2.3350888086587998
France,2019,19735.27643458517,1351.5149880461033,50.19759923737639,9.566306068809151
France,2023,,1216.4064293828308,68.18959422535437,5.640364257213252
France,2021,9879.16228908702,936.9413179890851,55.586050190252514,1.2697623088541015
Nigeria,2022,6297.01284350558,989.506260203939,58.074138084917934,7.060891899924256
Japan,2016,19404.258512923956,140.52199494729155,76.90408472900505,4.993751973741141
China,2016,,256.2382073318664,77.70503808904658,8.543037606832993
China,2017,18903.36154558566,959.7147593226077,69.8869905603371,6.560625161810925
INDIA,2020,,803.1475478279733,51.21548238787347,9.3785382595628
Nigeria,2018,,950.3536062303726,58.62700609590868,6.929969232093915
Germany,2022,,915.2138380876739,54.26372121231963,6.920607741427324
Nigeria,2019,19988.391770259197,77.01473401617288,89.0869673688527,4.662171646505835
Indai,2022,,1097.515822841,72.68065043946672,7.646042883261939
Germany,2017,17594.608113766688,571.7550470949359,63.081326462529546,7.0083404700722625
Brazil,2010,16195.34965043692,1069.576337339496,81.91254595434538,4.920249833316397
France,2023,16393.117480265428,177.09058696514575,71.77956391843398,1.0518279444830942
China,2010,6626.799432025352,519.3815334712431,65.84690766437022,7.25920486020876
China,2024,7893.450405152846,633.6841354453176,59.5017652349731,4.35926612466406
China,2014,4699.938619810399,111.74233403813666,74.13794373525512,inf
UK,2013,12465.908850990367,654.2567208827955,65.19143120716919,8.770002846146427
USA,2019,10477.819345697117,-676.062809905326,51.02568263225743,4.071230448635407
Russia,2024,7727.87325195997,564.3636654466917,73.2068947690933,5.802422920541906
UK,2017,12236.520837310203,1073.1877335435584,82.51942954864374,7.46310768603845
Brazil,2024,19119.369179907706,35.34328992014267,57.83111942734185,1.068065874803279
China,2012,13019.99934026114,1258.2624630404819,,9.34331090316676
Nigeria,2018,1393.294327733305,1308.866077259665,64.06490748958538,1.9127874560429485
USA,2021,9820.260831889247,366.91942913150604,61.39491607847691,3.765609684336579
India,2012,16099.912777086736,759.4341745786037,62.45230796624014,6.493004049798265
Brazil,2020,14379.783349619232,388.94736101961195,66.54196406101406,2.096974840032528
Brazil,2020,3786.7571207866704,956.7538170113261,,5.726470453003541
France,2011,14239.115982104167,158.55892310169392,,3.309065053312274
Brazil,2019,19265.95212970408,682.1284489406954,82.23970199100633,5.952038879406356
UK,2022,1059.5681505254195,890.080412075691,88.05613368826627,6.414506381316981
Russia,2023,16419.939416650446,1239.046984054287,59.1231908779573,2.90840355917404
Japan,2019,12297.423579249637,581.3295730313196,83.59445211466881,9.1002081105821
Indai,2013,7197.743310193819,339.2500769745301,81.22102060975448,3.4732543199332246
Brazil,2011,16487.76350657083,598.9961725717803,76.70199597165882,1.8598178245120136
France,2018,12552.414628596145,637.9570734447485,73.46433852701897,2.5121278697037708
India,2011,14790.100149894806,1209.2879377850877,,1.8614309996814555
Germany,2019,668.0440037174607,902.3403856161398,74.28376144355123,5.92027671442663
Russia,2010,4792.552503096314,553.3593343086654,73.77905340744692,5.470901729732525
Brazil,2023,19758.15330025477,199.65125605385904,77.80578216190375,4.638868912938629
USA,2017,8678.352375527173,1007.4608942648649,77.69744605297478,9.921303943319694
Germany,2022,2742.20693119168,154.7124126439912,78.97355268514964,6.205482253057681
Nigeria,2012,5628.381197884156,120.39292289469138,,9.047717871977065
Nigeria,2016,3998.9730294311094,459.48647134057387,59.066256089079516,4.194966752487436
India,2017,1574.5920863726487,731.4931093624958,52.7045025436886,8.203208570401255
India,2020_est,4827.499221826574,760.6165613002697,85.20316350245832,6.8578963214247475
India,2021,10752.564173716439,460.82391683037207,63.320076522327916,7.025382596783711
Brazil,2013,19883.959352179118,929.9564738906363,72.311336694801,7.575854592153215
Nigeria,2012,9411.07112321762,93.59785621509145,72.4918726351164,9.618627560548422
USA,2019,3670.998258681661,969.1067982407254,,5.822449160257731
China,2023,2114.1937030050485,636.0156013988774,80.24653315580984,4.128143718150839
Brazil,2022,13365.252144846916,1115.6754454977236,,3.111778736699082
Japan,2013,8106.455133024301,221.85825852928022,89.69934008633501,9.343008711318658
UK,2020,10891.15117955508,1180.4262791832255,70.83831909088168,6.612271192024838
Brazil,2014,1964.663755897129,1059.825884490563,55.10853934540939,8.434608672272756
USA,2012,15684.15613587364,995.1551298627372,51.44641522099049,3.7281552035079573
China,2020,5409.6288842346885,510.5896063854115,,9.432620407279565
USA,2011,11165.28436610505,-434.67879181465275,,5.024822864543521
UK,2015,12091.767800540223,726.7944044981319,86.7756789285767,5.472671346152472
Indai,2023,19844.72869350159,1193.4806912656832,58.34042057429343,9.375356931795245
Japan,2017,,1146.2550948027563,65.22493173906321,8.901768884005627
India,2018,17387.522464127516,1130.2363061634935,,3.742112251882367
Brazil,2024,1802.201804414793,570.1424484835744,56.940980599460346,7.254559800122156
Nigeria,2012,,1366.0981791952818,75.63888309381328,8.40232507270925
France,2014,2823.988520288599,-1208.2001303589454,86.91028762053577,5.3835572693704234
Germany,2018,12203.808167469353,1073.0856232551637,56.993545090416504,5.523094688170982
France,2023,8093.5279498918,213.45984910552627,64.70137689166125,1.6135507844694421
China,2017,711.0757575998423,197.88114192520365,88.52460446356696,5.945765823055153
India,2013,19323.278790833756,611.1720508788834,,5.555276765562197
USA,2010,8902.33143493162,156.87391112382403,75.63305258760825,2.9443436425863965
Nigeria,2019,12467.841506977025,913.7795184334332,56.08099412514592,1.5521466439960134
Japan,2015,15659.079404155109,649.122589039355,52.32655182021903,9.953796854527905
Japan,2018,1344.0551077280595,976.0989681133889,89.34715701053653,3.1526209379433308
India,2011,3016.537500006484,178.72506579717617,62.13100590270382,1.9094122990958202
Brazil,2015,13904.794565543812,96.58559940078715,70.37688512599159,9.970271684676792
Brazil,2017,16316.611336219172,865.1550191411052,62.25014483146447,6.6150625266247465
UK,2019,10635.420985450703,602.2559036076163,55.228415069607976,8.9794379371642
UK,2019,,280.52529143086343,64.71037403509159,4.727167772760343
Russia,2014,16585.25033222411,1029.7239889803488,80.77219574565359,1.099281379857825
France,2024,8439.849163959278,679.0683707730998,,3.3383188787053077
Russia,2014,15253.738497818273,200.5824909633087,71.41240525810366,2.9368168481551375
Japan,2014,439.9913379490868,345.27002606336265,89.03495019640215,8.213834006946907
Inida,2016,19199.617557556463,688.1171210576438,54.38944794710014,5.931635400763237
China,2016,9196.671224287225,1183.6563450080662,53.923303231369786,5.394170233196004
Japan,2024,3170.9635609408883,461.29953837718335,79.49428309551199,5.284163164318898
UK,2017,7642.588045886233,-558.3220272123491,68.37787073623946,8.065148894533511
USA,2012,17863.276841016643,1337.9152142404603,81.4761354502118,inf
India,2023,13825.067180513535,618.2683424369948,60.18682488184204,8.567844214833304
France,2018,,-1263.4491690682387,68.45909858498936,6.7348132912745236
France,2016,13255.207659674497,1254.2136595820855,75.46678728668829,6.525402262840556
France,2016,1519.7104031016613,730.5871505038336,56.00676003268167,7.6369039184933705
China,2020,10341.994032090955,955.516613099611,51.66691602409537,1.7631281444122289
india ,2011,14383.203083641109,110.19722703815597,52.85026911061034,1.108976277113987
UK,2017,19138.727686329705,1035.1366196480196,64.13005634008256,3.668820231588897
Nigeria,2018,7124.123948967821,1086.7684083418428,76.45482444281657,2.6667601108072114
China,2011,3647.36483961487,146.76995310162226,76.41210878805353,7.8793539599956235
India,2012,5447.91928083508,39.11349583296881,53.28686669905709,9.710740313605275
France,2010,,1079.2201754950058,74.98654275417056,4.437456756876063
Germany,2020,4272.607791471992,178.72712124157493,74.60051872155466,7.971704025740092
Japan,2015,12949.304220114387,747.11996521633,51.67804893726545,9.716398998349455
Nigeria,2011,16014.540994760577,417.02263101434096,,6.416934306726899
France,2024,11731.96863250348,1049.8217194070496,82.4707915236055,6.9083074659835235
Japan,2024,2736.2957780507604,480.19183333235276,87.12334561304199,3.0215405065946674
USA,2024,7568.907071982764,610.5868672924324,67.57619958777809,6.5164562424507295
France,2024,18872.90158734521,344.56286944718187,54.86005505203672,2.777234408739436
Russia,2020,17761.113024143535,907.6770295907363,,8.343522450717554
Nigeria,2024,17255.125927996032,1186.6549307794864,86.75706134558217,3.270169181560254
Brazil,2023,15149.83018917631,650.1499012110546,83.67994211560246,7.5564160944545185
Brazil,2019,15573.659440694548,922.0649543766893,57.097150778788276,5.905242270072445
USA,2015,19696.460842585264,1312.9694124309954,51.72694943188047,2.483333341564934
India,2021,2808.229714400326,-1019.1120748795607,82.71141319427781,2.9216022967960473
Brazil,2019,10215.883320446213,1178.577208935568,79.31206179065002,5.880134849426635
Russia,2014,11888.884271083703,716.6211602136292,61.901938052752826,6.085197935731145
Germany,2012,13839.928980591796,1223.9188530465226,75.45165415916992,7.850093833388422
Nigeria,2023,3369.418372100545,651.5648894435079,50.373264793083735,3.220109780694607
Russia,2015,14583.941959237496,1388.6158323756151,53.967123983488634,4.613448842751595
Germany,2013,16041.405180243359,293.6095321341694,,7.597641664267073
USA,2020_est,12396.511915151545,271.35438111542845,64.21538274742957,8.054126060368574
UK,2015,11173.684979813928,17.269162824648703,,1.3178021944621516
Nigeria,2014,,291.44797862968,,4.31146676171876
Germany,2014,6673.246003493966,216.9543899620981,62.22416861960859,8.889856856453804
Germany,2017,19927.419885019495,521.9502474045191,67.94442523818171,7.498638443824634
Nigeria,2018,17746.676453208474,-834.3316245196299,,4.713596567637614
USA,2019,13973.239300636777,14.473386409947366,74.78357349839362,4.199437093972216
Nigeria,2018,15925.107159286268,139.2569893541537,73.52809067793562,5.328756008975113
USA,2010,12918.045412923502,100.146496331326,73.19935149712525,6.053361291635714
India,2016,11301.069869440184,848.8478565690722,77.05871748905449,8.244900997126928
USA,2018,5542.4502585386435,1156.8186801502864,69.93022729053814,1.6935245122089806
France,2019,1359.3083990307882,474.5912629875245,81.3958790844587,7.369128412668242
Nigeria,2021,15814.576300513647,729.003988453837,67.60795991821962,2.3270727403565554
Russia,2017,6698.216521464368,613.2869189816867,,2.985507574400901
Japan,2010,12044.86082246203,1032.571728792474,89.93390045571799,9.39801998209202
Japan,2017,12922.790950796792,595.5347940787601,75.4470945883293,8.070864562722088
France,2010,2543.056580283069,579.7677966778407,83.59209142542468,4.4544965673973955
Nigeria,2013,11523.070970298293,826.9994115984555,57.37905012534557,4.260118974870595
Germany,2021,6823.323517090256,-46.413424859570064,50.96767055565421,8.485273393081961
USA,2018,5606.802037461685,730.1294850719535,61.94902294355092,9.466113206038065
USA,2022,5334.07582554232,607.2229697071198,84.90921001938408,8.577402101126278
France,2010,3884.808073356291,1125.6742006160375,68.3274754695157,5.346719848768197
Brazil,2010,2842.903453835687,122.03610412240327,79.1175722789506,5.468150371197698
INDIA,2020_est,8849.643911780555,1024.0164378268314,80.6205159596444,2.430173509024182
UK,2013,12282.457959657297,198.1421743659829,,6.912596406404256
Nigeria,2024,,105.85164273542544,52.282188846050175,3.539683672238801
Brazil,2019,5381.772537970938,353.3005307100797,86.25018322084146,3.245915798645555
Germany,2010,,1065.5635847609697,67.9895936980216,7.990395012596631
Russia,2024,1494.2499197748277,687.7239592060042,51.34454400733131,1.5638788310981906
France,2019,18147.461576219335,203.5510658534573,71.29682729100868,4.699860423406359
Germany,2021,7077.397859925085,1260.7683505053087,50.87293587101958,6.9741071755803015
Japan,2013,19275.2097974283,-788.6337750119603,87.47289848132368,1.470320913574214
China,2023,,371.6193294372511,79.23283859922918,9.83167381447522
Germany,2022,5279.295236396107,919.3026960489635,57.92390531038961,6.087972291144489
India,2014,9385.863236429057,-1361.0874081878364,74.34109090785867,4.145557348781369
Japan,2018,2459.096540781081,220.23309194155902,59.0126771980494,3.258699952062682
USA,2024,17042.197945254527,790.0996757127097,70.93563645497466,2.0329198468229572
China,2015,,1014.7118814597924,52.706734476000065,7.370515875067918
Brazil,2020,10962.056703384393,123.59823058802178,68.33202566114626,5.362266584170423
China,2018,,1324.5204243303924,83.99901485922648,7.021201035961975
China,2020,9353.452107812023,582.3541028024669,76.03893868603816,5.908886824662149
Germany,2018,,722.3786817907611,82.25614468931357,5.133158898372622
India,2020,1228.7402355745146,1102.926697143806,58.054551285438976,3.327587513992349
Japan,2022,3461.185797959459,468.9989401713816,80.2700602275454,5.674472735535436
China,2022,4256.649228184109,1230.1838086313367,85.18327419806117,8.835205825414063
Germany,2014,4928.164985354478,637.2226884115735,89.399586245635,7.948112286789914
UK,2020,737.9149402660844,100.63438185208395,68.55725507249332,9.182981852754041
Russia,2010,,701.9593861676634,54.21894799826522,6.911020942518647
india ,2021,,538.7838104355117,81.0244740370131,9.680289885107305
Russia,2011,10000000.0,737.4281873606903,61.48551832338302,8.135689771304554
Japan,2014,11636.348644446918,892.0695603949222,81.91656638463576,4.563734253962094
Russia,2017,18318.783354459454,750.9101254721345,56.318192913413924,7.263092063519222
Germany,2020,,450.29873112386207,84.28717027995012,9.155289292891897
China,2019,5682.708850080617,1377.0948470741587,,2.81814101562241
UK,2022,3847.651816912917,1252.64569691094,76.17170209299847,2.3689385490004558
Brazil,2013,8918.40368369331,865.2642548470249,53.338563399575335,8.94174731566605
France,2014,16111.350001742396,712.2374152715272,88.68506461036682,4.759848813475897
France,2014,,938.4087983370416,75.38685093015766,2.493594057662065
Japan,2012,17662.16961443195,604.2106662096551,,1.1134676797818313
Russia,2016,11283.162536039976,743.0854747505201,78.77414489476635,9.01232247716022
Germany,2015,1772.2503759319845,1026.7801215731038,57.496477763903286,8.723593478414475
UK,2019,,761.7033194299067,78.40971194493247,3.8291510186537354
China,2019,9529.12439886973,1152.0752878175556,68.37060788692855,4.220184387928976
Nigeria,2024,9985.406455555938,1161.2664608877335,63.40832189483491,2.5638543382216943
Germany,2024,14297.877602549459,1158.1097156642338,54.025499140941335,3.1588670148035023
USA,2020,3011.045397267679,493.6385620992116,68.01403915621651,7.739437032669758
UK,2024,13092.722180657147,873.0907087950193,64.09499786438617,8.57302797776284
France,2013,,1370.9558638410647,75.36568553182947,2.1363826740805245
Japan,2023,13588.315729093592,461.8945814500616,77.4530878674439,1.6267703334616517
Germany,2022,3662.6524560839957,1199.474789879043,59.087182280940596,8.53337012718646
Inida,2023,5729.666551397327,903.6058549816037,77.76602294039324,5.613892778305477
USA,2012,6245.15139859528,305.5756831558236,,3.7355176111665145
USA,2021,13132.623252519403,1314.243697643391,84.84817929052208,7.8945829888177235
Nigeria,2023,15811.257396415314,934.3290158316335,60.411474302640116,9.16475527635247
France,2019,13480.499775735514,789.0124770628115,54.43957876853924,5.023499894257829
Japan,2024,9315.09376979814,1211.7434172365113,71.86592880751154,4.423604940733687
Russia,2022,,163.90162472357878,66.90193713247778,1.3782220765426476
France,2017,14850.101591185221,1286.1264075568195,61.201493182019576,inf
France,2022,5985.920963145576,1275.9705246850422,80.15847614387135,8.244160991572947
USA,2024,556.529800888999,1348.3063963328962,,3.7427598584751998
France,2016,16622.01436420517,401.31446579675264,84.91015358264511,2.013223513707433
China,2024,14132.982353723755,761.5708825364254,53.86137880781763,3.177044454329551
Japan,2020,445.5999182908328,661.5874719956631,,6.38521735867983
Japan,2020,6085.30859263062,426.8875649947087,79.72772794926414,1.4332855238051811
UK,2013,18077.32090480135,1194.6467854037421,76.71218732905626,6.338994130966459
USA,2022,17867.589463165114,267.60894954491306,53.158766487633144,3.155591529185843
Brazil,2012,15932.649918263767,58.19167074981182,73.31227340333959,9.95893764572179
Brazil,2010,17142.78265798328,734.8095077705893,52.54563637146569,8.482361629471388
Germany,2012,12059.774461908768,169.7568659127979,53.75429139293425,9.186641374929332
France,2016,13450.165206173953,1162.7086510502902,,6.1459511684349
France,2024,10445.437764749817,608.2941003461764,,4.911363647728406
Germany,2012,15522.817183457097,-846.6735691110329,85.70093159819385,4.99042012941269
China,2024,12220.37365863133,887.5174987978643,73.66788649225302,7.323703957769647
France,2015,4901.182673821164,722.185650788649,54.16899211233391,4.460601948803313
France,2010,9855.807958701036,916.5917207682068,88.02124210344815,6.405859598935203
Russia,2022,14923.159540295885,713.7098226983318,75.36416125505326,1.638389945203961
Brazil,2024,5236.953300668571,512.9757995551428,68.89973420026054,1.4108387095214536
India,2021,2972.47713155569,394.77188782991504,88.86130763604203,3.9821230639274567
India,2019,9744.412950619235,282.5758207063662,74.43120284303073,3.5261489396437686
Japan,2022,4298.453053080851,728.0359535399109,50.22023196641683,1.0689762938430278
India,2014,4537.562420216784,61.042693876141385,54.321030165227654,4.049745844048765
USA,2022,16091.196455680294,-805.1476142833282,70.50670903825666,3.6413994088730948
India,2014,,561.8509073196964,53.48371067183086,6.5535986450602115
UK,2010,2454.000190836708,489.860168494352,70.29647754871235,8.868002722166583
Russia,2014,9972.22229073435,986.1396847840133,89.71267355996281,2.1834020790818345
Nigeria,2016,,558.4607450807285,66.87312714155325,4.699189677389912
China,2024,18170.69785061979,1002.5053758089305,74.31620856362815,3.784354460765039
Japan,2016,16511.049607581634,-1337.5341109641347,82.84793130200906,1.0140859467232561
India,2019,12800.74712963146,81.07818020452001,60.304288813348876,1.5357223031299452
UK,2010,12155.149968397878,964.3599797547234,54.579505522636204,4.454549947404815
Germany,2019,9233.482877319731,522.983700247674,54.84100001940772,4.770530111687279
Indai,2013,,-108.7006537012251,53.20720056327614,4.192941626523858
Nigeria,2023,,-939.3159789448505,,4.257279917540785
Russia,2024,11954.483665929061,24.082345798563296,75.44384185638168,9.21958252818613
Germany,2018,12328.95467322742,1224.4410449182196,78.95892221864375,2.085025747633212
Germany,2017,18068.575484259665,102.35694365452709,71.35869890191054,2.279234114141119
India,2021,431.7908924719005,596.6276215774183,61.80162830616625,5.374004444178427
UK,2010,,70.79731050943683,54.920131804949825,6.027781568053828
Nigeria,2014,6994.713592818633,1023.5511476937327,76.09166594367758,8.610439266909161
Japan,2018,,607.6041975723059,76.9186648957773,3.4784305682987666
Germany,2021,,1106.6893722899026,67.85678065606328,8.185423064665173
Russia,2011,16483.962998631912,1202.0116493491844,86.66540943364829,4.878866984619666
France,2012,6513.5630027585485,819.2562577658183,64.84689693750511,6.4096675012020965
USA,2020_est,14170.600080347727,966.8829757040702,,2.501741815288775
India,2015,8724.48090155171,208.20586027385315,85.60388140735233,4.112897146640717
Germany,2018,,45.37238626899372,75.83289545145936,6.732120857092689
Germany,2016,,109.6795254982349,66.38515579580928,3.800957455570542
China,2024,13606.988666753185,852.0331567392395,64.5837491279016,inf
Germany,2023,,641.0622534625996,77.53096943120948,2.264976708205247
India,2015,9814.676053256077,48.276040618557026,70.218204716418,9.67615666405932
UK,2013,,64.20445747912711,51.23823163677374,4.4918808395218255
UK,2010,3368.493741971242,42.45941389617842,80.24854455800707,5.126707079937016
Russia,2023,5927.0464850585595,1261.115624392908,54.645558408021024,9.603269460597874
India,2024,,1244.881104509067,74.11771505917847,8.440366237673388
Brazil,2014,19683.46063156719,410.88355856805657,88.44541941630372,4.505337054121783
Germany,2023,7833.135713791062,483.1380749137629,71.6563042939034,2.387305388606384
Germany,2024,,762.9696892499056,80.4760725041948,8.50284965743827
India,2020,8920.738736185996,430.24321659857634,60.373395892683774,2.7516145303438475
India,2012,1341.4221275406926,486.00269058025157,60.80990768523133,9.697756472797666
Russia,2024,11242.63475975087,492.7150842524055,73.21870403974785,2.2527703121112594
UK,2022,8992.066234203618,880.4657067752787,,4.616009205888918
UK,2015,19878.198100214024,-1233.6375193870085,,6.124396250640545
Japan,2024,12489.077500526764,289.8238298731822,65.80550973057274,1.3551357960180939
Germany,2019,9615.811542239167,764.8041717011519,59.10998944412839,9.676259624489624
Brazil,2018,18207.201296557392,1013.7790972837091,,8.829722436829165
China,2022,2786.9164077045657,1108.80861404209,54.99283255867393,8.147895962944649
Japan,2021,5660.197851376868,1229.1559076152826,87.76168375301592,2.3391637246460406
Nigeria,2024,9360.976980294792,1373.5724556461323,69.33629743892587,8.771927702630906
Russia,2010,11856.884138200134,531.7085720082466,61.43134222103481,2.8290078197747857
Germany,2017,15283.604189278405,547.2913044840087,,5.430929320010637
Brazil,2013,11630.124778815998,1213.1522324181276,89.22957374333717,4.668257877164352
India,2015,16584.8746577048,1072.6936345700576,,9.604424292507398
Russia,2011,,-161.87725233037375,84.15847867821688,4.952348349703735
Japan,2021,16969.983313299796,1251.3953852216268,52.49830374476286,8.951182866874547
Japan,2022,9076.717296314559,719.5011597158827,,9.33744346057078
Nigeria,2019,578.4986697093277,672.8124209617657,77.50888169722242,7.5043626192840565
France,2019,13912.142144434738,-196.86482987728937,61.975823534867246,4.228439728753122
Nigeria,2013,,397.4762226562287,58.42819855468812,9.617032171342865
Brazil,2019,,1396.9709893979498,77.07285195429583,8.456223695042054
Russia,2018,6033.464047654625,29.89823595721337,79.5147807424612,inf
France,2010,,208.56189934816564,80.13711689027876,7.920305038968769
China,2010,13239.102210267087,1074.9011465858648,83.83685758710928,6.522437028137126
Germany,2019,1954.3733365996454,687.8026554374231,53.1059733868642,4.667887279291877
Russia,2021,8260.708484687428,101.7536833549358,63.952821358779175,1.9989828891218335
USA,2023,16203.057158182599,1327.2863560906144,52.892659010317544,inf
Brazil,2024,10547.016666867554,426.3962923558847,53.07448301104654,5.50561841263376
China,2014,15931.407780916825,-992.8502034007105,52.00904045855895,1.6561165183111317
Russia,2024,8176.890996126214,420.45378672664117,59.29537292224191,3.5290404901784225
Brazil,2019,16108.958317278315,1301.626994548277,66.20410778110266,9.154999019192473
UK,2014,6565.614884708063,-672.2474110178704,59.04115991263999,6.7642843795825955
India,2019,,848.8554035002963,64.31256336454196,6.830357013914755
China,2016,,1245.236121568904,70.12335803119345,5.0441476783567785
Nigeria,2018,11800.12281137968,878.4495692772695,52.87103224906052,7.143554991010622
USA,2010,4990.247270247486,1002.3941591841598,82.90139177536787,8.235626567972684
India,2015,11139.519154676205,733.0361503119441,55.71503845357647,7.978115353628221
UK,2018,5573.905732844944,700.4066377169457,61.370963717100665,2.2044552669972384
China,2020,12665.242398456385,85.52152840383633,79.945809365048,3.85828115735005
Russia,2023,202.66692148880935,720.4695035397494,51.87407634110413,3.4855260203880953
India,2010,14198.13445162318,97.13857405439356,83.5735396942401,1.034379303927248
China,2021,5087.112610197664,1039.8566380513794,62.65080598917227,1.9170314925941216
Brazil,2021,7332.631592248472,385.8466680744905,83.7084760864222,3.8201312582662883
Japan,2014,15820.862941164944,1249.7022812869213,67.35269678306118,9.189488294689529
Russia,2013,7670.897468471218,1350.0689989212503,53.57158098102292,7.183173398529185
Nigeria,2014,9977.518001047189,-548.8318395833494,75.30847514994403,7.334713824708981
USA,2017,286.39273907611994,242.0647933586062,,6.997468722203858
USA,2023,19327.74060154781,1067.8425284485884,88.03090830925352,7.322864513813263
Nigeria,2019,6101.433731060974,156.4572419286905,81.27295453379742,6.797342993283243
China,2021,1154.0830453872654,510.4701476023599,88.27199261937145,5.503610311391811
Russia,2010,8768.036893190152,646.2024511714186,58.35530896020655,4.318364537783157
Japan,2010,7522.302468546097,82.77347806058664,80.70270514071673,4.7485398871349105
India,2015,16479.16175896518,1191.9837215566547,58.47976218794632,6.916181339531157
India,2019,9551.179722427038,1233.4178657108644,58.62962716705816,7.100318802790398
Japan,2019,12233.492020603908,420.46905382484755,55.46403614604691,6.8647578442954895
Russia,2017,14824.229671020148,448.7220078310565,75.79330416089255,4.556178168503529
India,2010,14321.496288995831,286.9092321027338,85.60860010544698,3.5866863681902177
France,2014,7482.162557571827,90.74781339168621,54.460488492851056,5.642757124410953
India,2020,5498.3349992138355,1171.3175137816502,50.587735546198154,4.411846438047426
UK,2010,6879.441826028035,36.86540697546544,54.97473596002041,4.722784074267717
Germany,2024,9958.718772059443,571.962748684268,71.23750713648376,6.356185074151134
UK,2019,396.49165833114546,655.0922716403704,88.53996963550352,5.671290521165939
France,2019,10000000.0,443.4907625044676,80.9596551261105,7.956293336885036
India,2016,10521.661743551951,1366.659214358107,55.02200859050613,1.152528984006229
UK,2014,15449.1325927905,1131.9461969371866,54.80828916482305,3.390245496627455
Brazil,2014,547.5367946592523,417.6989689849849,80.92567495674686,5.6616447494132105
China,2017,7092.292744732104,526.7176199197991,50.05414502861873,3.698204748087123
Nigeria,2012,12999.883084431023,1364.1302769047363,83.88243307935598,1.2123546818097621
Nigeria,2020_est,,1098.6457944850902,81.21504494283921,5.121961831032143
Japan,2024,8080.504800499156,431.05286307813776,,3.0541182714432917
India,2018,5082.751972564887,-682.8671268971802,79.89777626386775,5.26428845558152
China,2020,1345.32009905378,1341.3278233736035,,8.066705888335676
Nigeria,2021,19828.292450971567,766.8304425923654,,1.680445365550757
Russia,2019,7440.478815575152,323.2799625294045,57.8333233653708,2.267226540034085
Nigeria,2011,12523.790103006733,1096.0373794887541,73.13193597681442,2.322664386293887
UK,2010,16260.250644682725,893.9770429575826,65.52662824507982,7.067172659824567
India,2024,5346.118589008091,489.8171698069526,,3.6145405510427837
Russia,2010,9505.767709527145,1247.2961809804603,78.3088540107011,1.5598290354823248
China,2022,3116.6002767236128,20.899811172964377,75.23687160916654,5.029060828693765
France,2011,2858.6420478650557,1341.5284282689108,71.18638895782479,3.1770396470160027
Germany,2011,10111.950708863209,954.6722625017999,53.04956871894258,3.472334335431028
india ,2019,16177.916719503073,648.9341698596991,71.86308568129179,4.895344019885224
USA,2016,1069.2188643315012,240.39219395001675,67.82166554967563,inf
Russia,2011,1189.5847674616389,1182.673033032035,89.24770116656464,8.138285865970655
France,2019,17104.94144975241,346.3482111406931,88.42507902052799,2.7723313400808554
Russia,2010,10000000.0,1392.798818612672,78.46891222984195,9.830293586126396
Russia,2022,11476.887635428653,370.76307861476556,67.47983542662483,6.342048418409074
France,2013,1647.0149281348968,875.057137817972,89.24711347049178,2.7109688480535485
China,2018,15893.38330250999,1271.979323353671,87.74806371280883,inf
Brazil,2015,10524.900846685145,1368.4579921081902,80.29240828537755,2.455042926132657
India,2024,9642.622108065805,1008.4803337670855,59.893612632763336,6.765536651939986
Russia,2015,,236.15264389390657,72.60341249811026,7.944642198807469
Japan,2019,10078.13415781165,26.823332318789323,50.36153876317169,4.21326409573011
Nigeria,2011,18538.64255494928,327.86072364901617,75.37454755486749,2.998682836239885
Nigeria,2019,6569.065795259063,1188.7785045460628,79.15445769079787,1.8585934958188957
Russia,2013,8688.300015531386,50.545971466917614,69.23560586412036,inf
USA,2010,2546.351947243401,411.55006508374026,65.91346502008628,9.275779221904447
Japan,2019,19866.44930537469,72.42670560390604,,4.3455165976210886
France,2012,7970.672087343704,1058.4283129523615,86.73705728581635,9.558357350522936
USA,2014,11627.027203558751,506.39841142769893,81.50196343435117,3.2590124493607022
Germany,2014,11368.665770903652,508.4240615195737,76.26524294831505,3.163590216041562
India,2020,3993.5403255495503,1286.3523304788575,54.072147317981475,5.5536211696143845
France,2023,4572.885102667577,64.11264902267776,51.44075273165706,2.576995948952446
USA,2017,,402.64545412806706,88.01836682301183,6.234600636902742
Japan,2024,8844.960957421568,816.3234801905419,70.66793540905071,7.828986283815927
India,2021,,500.7400443244203,85.76377210133003,9.518108618353649
USA,2012,17872.652904232196,593.0327116006658,,5.287021599709889
India,2017,10051.289072492824,294.5053515896247,73.64521213034067,2.6752230797801313
Russia,2021,6764.981041530436,-1198.49198025171,58.283032368434206,1.6404245665608954
Brazil,2016,1566.350333733763,1317.69048349932,70.2768175184734,4.684708646353165
Japan,2021,16255.395903956785,1171.7980397956173,63.28764132462418,7.242562517264157
China,2017,15468.231753867354,919.9644547436768,56.06380299200397,8.882947751653514
France,2019,10874.072144172973,-402.63667265430513,67.00912741750776,1.3381398135901663
India,2018,2731.7626642038676,1074.1099832170466,50.00046539021464,4.749092456340629
Russia,2022,10545.701585494651,85.9418438013515,88.92312651889331,3.0351279812470473
Russia,2010,,432.480092034488,59.216666484693995,1.0132643987768026
India,2019,14641.026922942328,1353.9152447210067,58.97173933140181,6.967424726230802
USA,2014,14889.547273782558,1189.3112769358295,66.90516788054437,3.726378150763863
Nigeria,2013,6640.843653656016,1000.5436530069328,82.67117866022545,2.6345257098094237
Japan,2011,7544.631961523751,1263.6968734813186,82.26774078778956,9.863725624862283
Germany,2018,,556.541329428812,73.62551335978551,inf
UK,2010,1753.4251630790543,766.8507731543725,78.37283313890438,2.505891736009543
Japan,2022,,821.4441649146152,88.08887142790378,1.3818006838620254
Inida,2019,5453.457523598246,846.1598922267555,61.86239648823722,7.42981747664118
India,2019,15228.304593934234,152.49719005239947,70.55417856827071,5.580015000319503
India,2019,7511.7592502677135,1306.7655589718443,83.10025279492885,7.274884437186731
UK,2017,14343.667387552952,651.7854399002356,86.83978084386302,7.251358845279569
Japan,2012,,1207.75035626441,60.96286357368764,8.263638134800328
india ,2020,4065.7639385385423,490.0253136203941,63.42441817079371,9.806729215502266
india ,2023,17159.437030208952,984.6261076104611,79.0822704646156,6.05865514962314
Brazil,2022,18952.39520874868,699.7996665064826,65.22070839479578,2.467318032384319
Brazil,2011,15766.871914768948,1030.8770655850722,65.3742015409654,1.2267407256330642
UK,2021,16812.14708881661,25.87099700116235,78.14799118516204,9.732313987534514
Russia,2020,8865.694297334428,336.6130329443743,,8.354153278140267
India,2018,,1354.1790326060432,52.06674886631844,5.543160384740753
Japan,2014,14425.388156986492,1209.0702548973588,57.1702244763116,8.200031335873133
USA,2011,11143.600099227197,561.2096179660489,,8.787661830180213
India,2021,3314.009521958364,440.60512430064796,,8.842726307717689
USA,2020,13519.51928533618,1117.3871420960074,60.01871595169996,6.6238668964629905
France,2016,11520.570466246225,1167.6342237356969,86.24348241925043,1.1094109432964814
India,2020,13545.594397364095,82.05176077642334,71.95434660309424,3.588694561393104
Nigeria,2020,6274.176670538396,500.6123197987756,74.8516979619844,4.006449691018923
France,2015,14707.441201687552,572.2930659476789,52.734128012398344,8.053838582356965
Nigeria,2022,5858.014826935579,611.545962642975,77.41775532887607,3.992105414338408
Brazil,2021,1320.3959917049694,529.7502553478109,87.77794330777213,6.775609575687024
France,2010,13495.287143610698,888.8721935563194,,4.765004776920521
Nigeria,2010,15068.6080075937,150.90832759889122,61.114111043588494,3.4868719761926825
Japan,2019,8753.974766371219,1372.7125499096373,52.70010186735288,5.668308949425355
India,2020,,1359.2403981195444,54.53214018909857,4.632409021254321
France,2013,14810.122699725202,989.3306549581489,66.9091454757573,4.118717511574464
China,2020,8072.725095346837,377.3440057905086,58.21331754827199,5.34735727803001
India,2013,5516.968370138625,409.57171420717765,,9.71683598529903
Brazil,2010,12152.016571075626,117.00145922030313,,inf
China,2010,6086.357648085206,137.97311065464083,73.96178348601526,6.612839004612395
Japan,2013,,381.6888187219824,50.604427368579,9.685138325090247
China,2011,10000000.0,949.676540393041,78.26519479514837,6.490066753715372
Nigeria,2021,6395.566405430234,386.8237927320514,73.90673130810812,8.794860702505224
France,2019,18945.327832683233,157.2090681212231,,9.502626329047716
India,2011,14783.397521028894,1237.3614165133845,58.10530536541373,inf
Russia,2019,14082.563969465979,955.3555207712919,66.32606763466792,1.1385540252217763
France,2024,11741.93592472441,361.81113945965615,68.01016984571561,9.618229135754357
Germany,2024,8100.899289320208,1177.3242332635532,57.54162422997005,7.052144482225259
Russia,2021,19544.73769789108,151.63141021338214,,4.902245133693529
India,2017,2033.9845644170705,1050.2542460499617,86.58194655394236,4.90618875437883
India,2010,5322.490514677731,613.8206134191876,78.93791271400005,1.0814874542233388
Russia,2023,,862.4754419934569,,3.178198719827895
USA,2024,14338.24392288691,137.0341660011692,57.97081345867203,8.897230419890338
France,2016,14826.718384386013,29.1063200757699,59.93505041479201,2.929658346938481
France,2012,5561.965295132057,354.1080806890421,52.50105182971383,5.130464649371383
China,2016,14708.12280076607,853.3570973572366,76.9148667439232,1.7303426068261523
India,2011,19039.516061500388,1175.5036490418045,,inf
Nigeria,2011,18667.668061028675,766.5130128980398,58.01128071470504,6.551052470672871
Brazil,2017,14909.053574625192,1035.7051767620953,70.85796096667521,1.6161284740022026
Inida,2022,7548.036180916531,1289.8655857640667,73.37795639029704,5.84498748930142
UK,2020,5523.299584767432,522.1439986840447,85.81384356612676,6.998167427741522
Germany,2016,15790.26312969619,641.5401380640407,,3.2354524786888677
Nigeria,2013,14168.124439613028,604.3658538476388,67.70182059258983,6.843900921191935
UK,2015,,98.96882178598308,,3.631447993709738
Japan,2015,8989.60519922628,40.459526997262444,,5.523681183671174
Nigeria,2017,1312.2863314792924,692.6230638425995,87.08442515433708,1.948538962970247
France,2013,15335.926415894986,579.4427641926297,,3.342129381867064
India,2019,,233.04303383700474,52.81967782572578,2.670820344111187
Japan,2023,13351.543822781572,1235.549950462476,,7.166208788870357
Germany,2020,2386.5508955398327,411.97055035137026,62.39227501289876,3.249612517578591
Japan,2022,10397.112062252518,754.4198026827448,,4.184102428627924
India,2022,16605.400838540412,1107.117059164363,,9.224095994859333
UK,2020,19065.73733664962,464.17213342175677,64.1769979517222,5.550707380797629
Japan,2019,18834.192088166736,1228.084012067813,54.102718503343596,4.534576689442746
China,2018,11156.749557045483,709.3541368466407,57.75452271747571,inf
India,2017,13603.42750333738,1174.692641044007,84.35057117397889,7.735202682991658
France,2018,8896.369904744402,858.6599894714401,,7.062808757274169
Nigeria,2019,3749.214463637759,974.589930809118,59.18392643015875,2.0579617013519798
india ,2016,,12.769067954507673,,7.591609441525412
India,2017,10395.680328282537,234.29429346698333,53.34217350042759,1.172160697935583
Brazil,2022,3481.81390391137,1248.289193626574,59.66147366806727,4.188441944954941
France,2012,,-319.0822135999567,70.7689828312082,6.469774147860873
Germany,2022,5057.975820490979,90.24770132291292,65.64131476509594,3.107830338337007
Japan,2012,4547.167679950078,1344.2092957717027,,6.011905988548863
Nigeria,2011,8432.347049761775,606.2326234679006,71.63620015352323,7.267868263324965
France,2011,,248.6545317105749,70.00451008306507,4.7076228553069175
Nigeria,2021,17436.43393213381,887.6723004935432,71.30016265663927,2.0385517796102564
Japan,2014,,172.91342889552445,,2.2855776833289867
China,2016,,296.6904382322521,65.67437492752104,9.061072998569008
UK,2015,4245.464391299612,-715.849038902703,66.77086644664088,1.1631163694115676
Japan,2014,15896.610648741693,105.97380977729362,68.97020083907815,6.0461046544505495
USA,2024,12642.843840968824,967.197964737947,60.1308953409086,1.0898089899260444
Japan,2012,,754.5626730931342,83.44470812828996,inf
Russia,2016,16897.858122200087,684.2815773715608,63.34513583347463,8.124023823322329
China,2023,,264.98465300077396,84.19896078245898,8.943038890951126
UK,2013,9432.933171575369,115.22262096060459,65.51304359667725,8.231838935163431
France,2011,18055.12576521533,292.82711207165823,52.67894448101086,8.896154078195547
France,2021,7910.217791781731,763.0477403319129,,1.5990825512280056
Brazil,2024,,-113.00653737906524,65.01875713866002,8.234330906741022
China,2013,8782.750208561562,1396.083471925101,72.36237139786408,3.8904593737235813
France,2015,4558.204252914112,497.22354265776494,64.90133095038203,1.6184230995156488
Inida,2016,7517.569148650108,655.2915424375226,,6.910565362494472
India,2012,,21.62551780883137,58.706695983221444,6.955158595598708
Japan,2017,9782.989489958993,17.385731179000864,,7.955286159613037
Germany,2013,11058.69942727254,102.38402282901825,80.66060198130339,6.253422289582275
USA,2020,15682.807547727592,1054.9283194302182,82.12008287831348,5.6620725976416235
USA,2014,2978.425460231597,942.9088879977672,,7.6802786847917845
Brazil,2020,3563.643919804559,281.015527861402,85.61638068877315,7.749800186068637
Germany,2017,18182.924076266394,1064.6142964178498,73.88621223961208,6.887194633250863
France,2014,17804.732894012195,814.5413887715973,75.2956529731355,2.408290444032405
Russia,2011,,1005.7919856217576,60.83770793265462,2.820287624720814
USA,2020,6413.770802843428,345.6858729100385,58.596505481455836,4.823657585812782
Brazil,2024,18175.202574893974,-714.8129089668184,57.51681523261292,1.6927450244278668
France,2011,13983.89167373092,542.090282566579,,6.935596917766931
France,2011,15965.580720719097,388.00499479164375,77.69435689844232,3.376557862243469
Nigeria,2013,18793.555893115772,894.5602513313904,62.98047200701369,3.425606760630454
Japan,2011,3980.346384418541,975.5509328622816,58.748624519917094,6.357729393347402
Germany,2017,5439.773533122076,930.1368332634773,82.59758914162157,8.002227188301879
USA,2015,15264.856352429479,270.93414391223035,,7.290539456386471
USA,2023,7493.274833128156,610.9612547006527,51.24596371173564,3.3361880434754427
Indai,2017,866.7927967143877,1232.0682239157343,59.73586732874122,6.016034526157073
France,2018,10000000.0,936.9178739148647,62.921093830163755,9.081272682618993
India,2018,17784.740140893908,462.1539595228294,86.03843582761871,9.96541906148901
Nigeria,2017,,1184.3711733797684,59.9603494443636,6.190321589719807
China,2019,,141.9359321821209,89.95570448133162,3.9397532448331987
Japan,2024,15014.041458567159,1131.2644237072748,84.32093084028917,9.978654676619408
Brazil,2017,4981.630408085984,66.08764933498259,66.44766071978344,2.1707260284605225
China,2018,644.0326054086914,510.9932897266657,81.34953004300945,6.095626221025638
USA,2024,6393.00418636501,919.5353876348804,59.28072721235243,1.1294330146487652
Germany,2013,,877.0028879609727,80.49210498003839,1.3504421501889905
France,2023,16774.968631046915,871.1414180504617,,6.621526433030784
Brazil,2013,,825.8417441168808,73.23801519552717,9.916112413591893
Japan,2018,,624.7883895770781,78.2958800013171,4.503074245226096
Brazil,2023,4731.73415717328,-839.6241088739856,87.12728392455806,9.362255680139164
UK,2014,6969.724506488708,743.471678048156,58.46543594279445,9.960679985489952
Brazil,2016,19626.134575785127,912.8174122933518,82.17656238709893,7.4359014515533
India,2013,,84.15371581456779,,7.073076719506695
UK,2022,13615.125954896956,528.6404396071132,87.66767946632123,2.5062132901310292
Inida,2016,10107.1170350681,970.3287274056437,77.88543223567237,6.83775061091934
France,2010,5650.706626346831,227.12713047440454,75.43761307306843,6.393719045254939
Russia,2021,3751.2490037269713,990.143412343083,68.20687966934625,7.009845324428376
Japan,2011,16779.868179448982,245.9225157219232,,inf
USA,2016,12272.009018021796,982.4990017747492,83.5261989995457,8.225298413420504
China,2017,19226.218909190728,754.9497596044444,,4.616984799016571
France,2018,3243.08264831525,805.9240537060111,,9.291767609916779
France,2020,11747.177924686532,834.0478509062731,,1.4679041677993674
Nigeria,2012,828.5265543851747,598.4358503729445,53.382615123889515,6.461622599861252
Russia,2021,17643.265511665217,1237.2515949610238,76.36181640528929,2.901086483256379
Indai,2015,,1241.6698750853593,57.866143398118346,7.636834771936095
Germany,2019,5873.087068757034,1125.6700341705723,89.8895159961441,1.2702340479645353
France,2019,17967.84414266045,875.4564417021347,88.93530476659285,5.185085657737848
France,2020,16978.2810253132,96.72775535160535,63.41116200313183,1.6031488397608897
INDIA,2010,19511.794042885598,1145.593731107853,84.10189684983882,9.441687082905048
UK,2017,1885.04902517175,545.9806535935334,52.84139556176009,2.8971379139502575
USA,2016,4741.442385345913,662.0590233561344,60.742486698145704,1.9088029613598498
Russia,2021,3516.3235640633325,214.7130333374064,88.92307191649193,7.833632562266263
Japan,2020,19361.677012337328,621.2392762459929,,8.18463877488268
Germany,2013,6659.827577214706,426.1428894504341,59.30023968831325,2.167110804018118
Brazil,2018,5277.968608131966,503.8944503787039,76.95976832582922,1.5630835799750642
UK,2020,4368.0374053737905,1134.5428600054302,,4.083806318702694
USA,2021,17320.246652791175,225.34618248938528,53.3094734247276,5.3608419557200975
Russia,2010,6187.906323315021,793.1376266325573,82.15219561933901,2.2343363933746883
India,2013,,712.6571769419108,55.763151440527984,6.615986369760842
Nigeria,2022,5618.080273643279,688.0897027761773,53.29089297108248,5.136256514922607
Japan,2016,,1153.1098835476425,52.27914907989473,4.76746547426497
Russia,2020,9276.942197802473,1017.758446055775,,7.0049110347476296
India,2012,,1208.4621333848825,,5.842204348275127
Nigeria,2021,16834.139953096157,1385.3370720414284,85.58077244175053,4.343205363619392
Inida,2022,,690.2556269951583,,5.433121636779679
China,2012,9766.981093610637,1175.1402853037027,64.45615116268746,8.73815207330481
Nigeria,2021,8254.735058844126,466.2440168928918,,7.862022628073816
Japan,2012,2694.840151707087,283.0227100621042,88.05779302652368,2.5794246464322166
Nigeria,2013,11441.00089503488,815.2471086600937,69.58497848200979,6.802707237191367
Brazil,2021,4750.5691707928445,778.20055220968,64.88693020987589,6.955005336662701
USA,2018,2996.2261587883595,803.519609406872,57.41081421533295,3.5077875680353277
Japan,2014,4530.454046406948,264.14451401765575,83.02843806242669,3.571368108948013
UK,2015,18557.050880916097,1358.1978702298154,72.8504187974839,2.2870101039915376
Japan,2019,7616.055218915709,-1118.8478460540175,64.69562914788281,1.7831549647250986
Japan,2017,11224.34123637812,1184.7179835794884,81.8370554857401,2.576108261173179
Japan,2011,13520.73936536684,316.50092617554947,58.72830138208689,8.866645959746666
Nigeria,2012,5143.4452642565575,375.91381166003555,50.02613563045198,8.83602130712966
France,2020,15893.377301540868,881.9872197760424,80.0106305575537,2.3684371068204264
Japan,2015,9274.807172833993,498.1949484148054,53.75106105028066,5.375174366934317
Russia,2018,18430.64507678418,-65.68217548046533,61.658436539751754,2.867868425851331
Nigeria,2010,4915.303742580787,1272.7240271123317,68.7227621693716,5.196694716458369
Japan,2011,,224.74416356684688,69.49061416400204,4.869866927089538
Russia,2014,12018.831672823791,1399.3852075181096,80.77795576328188,4.580791327156845
Japan,2023,16585.55043502613,247.28462500434745,51.21854745235841,2.8400353521784574
Germany,2024,,719.7072528687883,74.60516562164798,9.195451454929795
Russia,2021,10295.109389099061,706.7731460297638,52.009720392919284,1.3142039739060143
Nigeria,2020,11112.967245944166,-619.0682724151989,83.56721579921194,2.4461162624066066
Russia,2015,694.438909917582,634.163887422875,59.4991422700903,1.446529360049537
Brazil,2015,14547.046079583053,165.114269940574,74.33278000031086,3.529447751502002
China,2013,3635.221797029436,537.8546168578513,,4.528842192141154
Russia,2018,15065.239054378902,184.42595255081946,80.91085678660316,3.132399924159838
India,2016,13612.383971799682,796.4363612289849,87.1657886884675,4.485902661777827
Russia,2015,1510.0707389219208,36.62612491624154,83.07434243891012,5.722620738952889
China,2017,15549.832226331995,335.8515840160054,,1.2709348499018704
France,2019,,938.3363903141307,,3.389467666861651
Japan,2011,12306.979502268085,953.1149559267666,62.70198801030354,8.632983115140672
Germany,2010,18953.796965424906,1239.948613597446,79.5626790375749,3.497182117524586
Nigeria,2017,5775.997633691509,1349.0708454199928,50.41137983742768,7.4444497591793
Brazil,2013,,875.5384619202184,89.60435384347463,3.806914921873527
India,2011,6931.442903106314,119.7257700957122,,3.349436736113633
USA,2011,6999.056703117356,1170.0547884553225,87.41938054109983,2.6715976480466708
Japan,2018,7575.676844758625,1300.7964813403978,52.47233842756891,1.8312447530024065
France,2011,3423.2615862833413,837.345839436356,56.0188908402399,9.712687433056601
Russia,2018,9044.947639718703,707.1099648867313,59.86634463221626,inf
Brazil,2019,13305.889926212829,1054.1362203661195,,6.201020014246795
Nigeria,2016,,1146.196907755492,80.28192458794501,1.5004496951241455
Brazil,2022,336.1836519490564,305.3017153017074,76.5409437565381,4.700777399942912
USA,2022,8167.643934126372,1239.575774639163,85.82251392527354,9.182577376482271
Brazil,2016,6414.78591499754,970.5675797075738,60.86532725097479,2.715488497670048
France,2021,3855.7226554779104,485.5295930003957,67.19830479119287,8.478542539495615
USA,2022,2573.8436507596994,1031.5469278789028,71.25819656757221,3.5915080840839324
UK,2019,9957.827773749927,426.91947699006147,73.84327820953224,4.904595305697198
France,2014,3455.2294757617988,172.05047363241843,71.8678272828852,9.12171729957493
India,2010,7010.362193842174,1028.8701490394462,76.34645419759067,9.38399422878533
India,2024,16455.42414252299,797.5813098785935,76.28121992936428,9.085478199256315
USA,2020,,464.2446411423105,50.432443345407854,8.438959667723179
France,2018,16059.417867986625,155.19178015921042,73.07429524530801,5.1758352835019865
China,2011,2550.440091080407,1372.9898356144058,58.58783549853422,1.6051076208150503
UK,2019,11977.97811413781,-1037.0246812149155,51.29773784188748,6.9284587485432
China,2022,10739.379143838798,153.5383623363173,56.90095507785448,6.111768675844725
Nigeria,2013,,1314.2588628253293,,9.852104858622967
Brazil,2016,5341.482611218197,1357.9158495891882,67.24935479166231,4.127669157823791
USA,2015,1196.9206339931943,83.34370842484765,77.68045023786618,5.121360949906251
INDIA,2011,4685.128195514893,863.4187257920734,60.11432473000445,6.1986857890998035
Japan,2023,7312.333190257269,1154.7375949904285,82.82784643067117,5.296153583101612
France,2024,,513.9581172171414,82.22858102672872,3.953615345178508
Japan,2016,4339.375599395551,127.7167952066765,68.66772483537633,5.339188890278577
India,2013,,317.52178806002894,65.23965094673599,8.27565165004322
Germany,2024,16507.747492829676,544.6093956104878,68.36496093146724,3.7295730176435464
Russia,2019,18664.58659270238,174.91483438079663,87.3499769200588,7.154798066518089
Russia,2019,10725.128623197277,-55.396094490449265,69.02384767288034,4.669732945024591
Brazil,2018,3392.1324771074264,922.4093488659131,88.84603629473143,6.059699299580726
UK,2017,14352.114873590128,105.14612906676334,66.70667983267978,2.047226366480463
Russia,2011,12333.357543622906,1314.4901999176748,76.47110929886554,1.6912274348297938
Japan,2024,7222.39085870464,775.4220974227836,66.12831024533008,8.502796094276551
Brazil,2019,16330.485893257786,860.4451179434778,64.9383178053082,3.2980273638691973
Indai,2014,2296.3115006199605,503.3077800463101,66.52690068830879,7.082406325936662
UK,2016,13231.564521091956,107.45031410134716,,2.6360098049562573
India,2016,3304.891565272753,1159.9499881347717,51.6766086686503,4.772645883119091
Nigeria,2020_est,3530.43238417706,1232.2689997930788,72.28162053100141,3.082425727391632
France,2019,10148.060285894253,1026.766039987331,,2.9840140382087705
UK,2016,17746.399088161033,1308.6827186928115,86.65682178128264,6.718729211757188
USA,2017,12670.448957807212,570.4627801255136,80.09591529215152,5.781646165158388
UK,2020,13613.27381032023,605.5564863498257,79.25985856172557,8.420243658440942
India,2012,3099.4378807357593,1167.772304648177,71.6118612716123,8.60199318181202
France,2020_est,8739.77378555209,536.8662746824187,86.6024293006889,3.2605234079356116
Japan,2024,16915.404040665635,682.7885957880717,70.56381770205039,3.7762145334053563
Germany,2013,11546.23557225651,462.0435628239337,51.570776569666094,3.4479874480992043
INDIA,2014,,1369.9131540090307,88.6298883927899,4.556397677250745
UK,2015,14621.742915924991,490.67047679049074,76.84372628343904,8.248870387413811
Russia,2024,18945.773644906367,566.2950634310441,81.33191931824192,3.393356055689069
Nigeria,2023,19808.57961511424,45.81974228244809,,6.935553834861944
UK,2011,13823.30203006775,-177.33873451683374,,2.6306495114507453
Japan,2021,,319.51974998108807,62.288656680850835,5.918126875553119
Germany,2015,8460.429687578615,232.71358535734373,56.83745609683393,4.763303093465197
Germany,2016,15194.202969854914,1258.170859118426,53.36510649037531,4.537935168034609
Russia,2017,2184.8621617129575,-33.06354807931106,76.46874730575826,6.42204497769929
india ,2013,3427.778453534747,334.9998379993591,50.94831014578074,8.514524851249632
Russia,2011,19498.873801761318,198.2887561446202,59.259008550611924,8.815685715522406
Nigeria,2022,18543.98319953246,593.2820621014664,52.02489889076296,1.3545265032353746
India,2016,11564.207348166407,556.1242013615189,51.14609710310618,6.249271530813011
Japan,2015,423.7902244626449,1104.4470218274894,,1.362322027083089
UK,2012,11849.373975466435,-562.781336061946,88.95201653428597,5.89778796253332
Russia,2010,5649.735784532764,996.1200218412249,60.85968010170845,9.138189622668087
USA,2023,7619.495016046053,774.3173022589252,52.02292415296915,4.835091141570077
Russia,2016,,1129.8518394550454,58.97274235414105,3.034711639095064
Japan,2018,16382.645181822088,1303.2538040353625,53.814436850920146,5.050527754836027
India,2022,,1220.2569530858407,53.34099658720075,2.9001334830223366
Brazil,2013,15098.873084212588,81.29845008388966,69.70141522857156,4.9789633121174806
China,2010,6821.143343977224,558.4555182933041,71.19762347720932,2.452306225495448
India,2012,11525.518390015137,1129.550937726981,80.40643719160636,2.385099142243963
France,2020,3155.1395008811833,382.7623711654295,64.44298905364148,4.676100232676344
India,2014,13658.004893300236,88.78580071051121,51.386908169042655,4.527195066495182
Japan,2015,14003.841104332014,278.87512670951077,75.66017925025007,3.338453241462695
UK,2010,17744.504954507625,1255.009022530597,61.89148817125306,3.0699437856691647
Germany,2019,8343.818646911379,344.3389034004067,76.89535373166814,8.43458216093457
China,2015,13527.224192042097,1155.8471216765959,65.87968648829897,2.4068527363797476
France,2011,14811.428758472324,511.0595621467599,76.8508330091653,3.435795477835891
Nigeria,2011,,-1389.688695727991,56.248060317223974,9.89578894567133
UK,2016,19550.142664815656,1113.407164432175,76.3769184832799,6.200263452259763
Nigeria,2020,,412.3209350510882,68.70724849939508,6.574509724298517
Japan,2017,8341.571422215924,604.2061711854725,63.21138670008338,6.078086350160825
Germany,2016,17041.375654699295,290.12444542877483,87.37732155013765,7.201788883734067
India,2020_est,,783.1050627557162,81.18066805696253,1.1458035760552048
Nigeria,2023,16403.9324106348,65.79301412865945,85.5965350545145,9.927664725147789
UK,2014,6022.535751100201,302.3427932372532,80.61453455432164,3.277237068282279
Japan,2013,17338.135186809628,152.95120309889262,55.03820785517433,9.81236399590554
UK,2024,13542.010185746092,1187.1732419562445,62.97317509406072,7.08835374568544
Russia,2010,11965.988180710225,848.3786669708963,77.30129838150887,6.178232558161887
Japan,2020_est,,393.5325451889601,80.74325323652808,3.036451870028676
Japan,2022,13908.615261857401,334.33262348256403,75.01320679817816,7.723704404161261
France,2023,4530.535000349476,93.3211881972185,55.238949719766964,6.453972705439229
Nigeria,2014,17019.03884326956,72.54558151723987,79.36605036166586,4.071867813550469
France,2018,9674.861724406546,1301.1147742853361,63.278860189433814,5.188032405455375
Russia,2019,470.91181226148586,123.42222080672533,60.34366364539136,1.2506701673896696
Nigeria,2023,12701.23145575537,602.6937159542553,71.92580810912088,2.571824673066966
UK,2021,6059.454182844999,932.7160200452879,88.612108945216,1.4537509624198828
Japan,2014,,811.8648698225797,,5.502506816869843
UK,2024,1574.002900902831,134.92882391326333,74.03648022636344,4.0686271429200245
Germany,2020_est,18361.90771823808,575.1608469296665,55.73125834810564,7.432469501518324
India,2014,,740.4037272246915,77.91331142020681,9.102377000818633
UK,2013,15885.385657073186,950.1418843430865,77.18532729580573,9.513321796288778
Brazil,2010,6057.317130431414,-11.545810932700496,60.87818237592795,2.961022416640696
Brazil,2022,13304.324785257164,890.8591236740854,73.73845530818895,1.1461909888850834
Nigeria,2014,14629.80547812282,459.7072733548332,76.60223956026525,6.0092058565193796
China,2021,6986.072323472562,197.06101127470978,53.77675590641924,8.483664998010012
France,2014,18384.27133321485,913.2053850023764,54.13736459441934,4.618244951994166
Brazil,2022,14632.996162082112,1093.9510287739947,54.728744891643544,1.0002764696084419
Brazil,2010,,505.66868462082584,60.179253264730406,1.116077228105729
Brazil,2012,10897.928253877693,1193.0995222421145,88.30526585090351,6.091704555519603
UK,2021,10386.334289249904,128.22837583004514,71.954912061704,4.419811710688552
Russia,2021,12221.278561494822,550.3296235483999,59.611964938014665,1.8546874770553885
USA,2016,,-144.33631965997566,57.07587803295936,9.886025427215912
UK,2014,8993.250426751049,749.301755441973,84.9447411494886,9.960120104416191
Russia,2016,11737.746097024694,1139.3386112513986,63.07764097346701,3.7516956170256197
China,2018,8173.533675692292,944.7850951163723,77.28766757020395,3.837154911845057
Japan,2020_est,2837.556497905248,889.0307964870569,55.13303448755058,6.206432574063971
Nigeria,2024,13929.758135514918,-983.8499799882878,80.13888442638387,8.855734794090981
Nigeria,2013,10099.18804090281,1025.046373446104,74.76690941463346,2.6797594581791433
Germany,2016,,405.5125260909379,,6.553953499857907
USA,2011,,282.78154622157024,,9.671319527268947
India,2021,2339.282275652861,675.102587448993,73.42254915173207,5.872369788166944
Russia,2010,,89.26741046503092,54.21933709844143,6.270289154853512
Germany,2011,10978.028775159557,334.8997009310745,75.51096567382366,8.380607518500845
China,2012,1023.2634049625566,702.4006215317789,77.5724164841076,3.2708073436271836
INDIA,2015,6293.863924804352,862.9566851552435,85.91741173774948,8.289319782726094
Nigeria,2010,11745.978338171753,1025.0081876825764,64.59289880831194,6.76868975288882
Brazil,2017,9430.395504325628,274.0112296760097,78.06953095509029,6.008181736139398
UK,2010,7300.70732268111,1276.7614742092967,50.837364713069334,3.841958361245464
Russia,2023,1326.251675997402,1075.4729695480619,78.08429816455171,3.9821699686268532
UK,2014,13578.125463700046,560.3527444123703,,5.0876529646303545
Japan,2024,8363.138611066977,1309.2745825287384,60.03516399562801,2.084026059969089
USA,2021,,1357.3573190750087,65.11356854908746,1.5583308726590337
USA,2010,,713.2449995041862,56.47692026528855,6.922919962508429
Japan,2010,19955.437902401973,637.9178716142069,64.1891422692085,4.6063375015101995
Brazil,2013,2479.8943322249825,1237.750305982451,66.59302622085409,4.485469702823572
Brazil,2013,,624.4264550942617,,1.5530166111770876
USA,2024,16311.722205700104,1317.3004945023697,75.95061544637544,9.591093359729296
Russia,2023,3198.3598245252733,673.6085033776916,,6.23562982679068
China,2019,8148.943225963056,479.93732901910334,55.07296090201675,4.5256820550605035
Japan,2014,3420.6841390886057,1030.7682903241835,58.353237419783596,1.5270877475608047
UK,2018,11136.84952878124,837.3693284799682,84.87652245122021,6.192834511759137
UK,2024,7040.520903724226,1126.1865153215856,71.61115572749685,1.7135225616807257
UK,2018,11403.841094202284,1272.1457781361107,,3.666932217098201
Nigeria,2020,,220.50927549014668,67.31085937367276,6.361118417453766
Russia,2024,,1316.0003387449804,,6.279615264552964
Japan,2015,16603.085684592017,121.45959196883747,69.07355510932497,6.67083814175497
UK,2011,,1099.022688468482,61.082769988535986,9.467921526032839
China,2023,2662.047660331233,1226.4357298834016,88.83760998418475,2.5943817090036303
Germany,2015,10000000.0,65.99687110141787,66.2169130055662,5.646549692779066
France,2022,11696.775473010755,1310.9527750654977,76.8900274917678,5.331501560973133
Russia,2020,16231.565718064609,1331.2406211266284,50.882645947291635,9.842691450304349
Brazil,2024,1905.4163534608706,1141.9976231835783,,2.1896169197848456
UK,2017,8909.141666333931,905.0996454321828,65.238073800939,1.4910886745442906
India,2010,12069.33056524259,1264.340553793838,65.32861463789007,2.946994998677443
Nigeria,2016,,77.22416835780541,82.819503379211,8.437067298551682
India,2017,11842.409175906643,500.81301562436136,81.99133457783134,5.992183223095305
India,2010,,887.7277216903987,81.37621892851189,6.38706693895984
Germany,2024,8399.99315067019,1341.5447452973312,71.64455299515379,6.445805666864845
Germany,2017,4565.655260412035,-879.6545973039143,72.86430597931775,2.6635455815232243
Nigeria,2020,1379.8245275922454,850.0594544035318,80.54769077401282,5.710612338298074
India,2017,4690.097981328985,936.4655476033186,53.20422906438409,4.976503343217591
India,2015,3434.66181628872,266.3980809732379,58.091757966328146,4.480363513395801
Germany,2012,1212.7740712838731,562.9328828914465,70.46829788458803,5.349648564696927
Brazil,2018,7779.125187980203,1176.413785218346,,5.5512706940323655
Germany,2019,1428.420055739775,108.90639364029454,72.95463398708385,6.094165823990388
USA,2017,17585.063554320248,-785.4444091675017,88.39164081619401,1.4382536355993678
UK,2022,2140.552158658673,71.25154758283014,57.411074013341604,5.871430998475103
UK,2013,12982.329192263074,73.36336954864963,,8.579488389853429
india ,2022,6072.927146710444,117.29066701479046,56.79548292876229,2.142499723794754
UK,2011,,730.8007472453702,,4.2232574487623005
Russia,2020,19792.205601009584,961.1968060062292,87.95922668188005,2.28300899529804
China,2018,7766.361601684872,781.0772065624725,,1.0376869926516208
USA,2018,13474.599809178966,902.1291283539952,66.43155239998447,5.4067966842882935
Germany,2023,8425.771411723374,43.36701233439551,63.41486424869849,2.5937402985756086
UK,2018,2148.798944207101,1339.8414031061961,,7.5579065581294245
China,2021,6444.202116669127,556.4745099966811,59.47695975586894,1.8726910386888227
China,2015,3744.826421343359,1118.5445229621153,77.10183220735104,5.922359883869293
Germany,2016,9606.779482762007,1292.183654282013,52.90939791114673,3.5254073191412436
USA,2016,7128.769500700138,1097.571878975775,89.70058480647884,3.1660346328143776
Nigeria,2011,17511.285215914195,1164.5656370001898,58.986295905670666,4.593993221793003
Brazil,2017,8311.52281199188,1369.7267292519161,57.235676055155935,8.192421739943038
France,2016,6817.015740627577,-1025.9097806288628,66.80044017182652,6.20523786804886
Japan,2024,16685.713111857396,1127.790135327599,,1.5365559281019312
INDIA,2011,,204.58245364325037,66.63274272073645,5.937295735492196
Brazil,2012,8174.241797987249,732.2602293661804,89.86105235194476,2.2169558234156925
Japan,2010,13574.029697661226,560.4413432760051,55.32039195629315,2.428630870368786
China,2020,18995.607503663214,1232.6460804293492,86.28167841660087,9.923794982446479
USA,2018,,504.0606789360458,76.76876119699466,5.354222858745826
China,2019,8484.112760891003,-507.35763657647436,73.75122527773809,6.180340857760738
Brazil,2024,3396.865114471954,665.7183741506303,72.138871048394,6.1325824485825144
Nigeria,2021,4360.122419664565,1041.7572352306786,51.00796379284279,4.193486699888464
China,2014,,793.8111602670092,60.44649730043441,7.254578074087429
India,2014,,1116.7786171443781,79.40100744759293,6.490971298326112
USA,2011,,-195.12315467785754,60.45332071541535,inf
China,2015,12066.125882726496,724.0539187492737,61.52738103838118,1.058179220107395
Russia,2022,10025.536593636116,407.02012410151787,79.3843320284214,1.2155163874343513
UK,2024,11779.590663854658,1318.649190133431,56.97637068445998,5.244845416755358
France,2021,2010.1554379793358,879.6978580432801,72.02126722384902,4.666289717915491
USA,2022,10523.265025180075,1256.2387752719242,57.85177209244268,1.203080605348125
Germany,2019,17260.9647170422,812.19274451919,85.6263382184737,6.372507010718553
USA,2010,16241.189581202108,607.2459750636557,79.99439725153076,9.217373202008703
Russia,2013,,261.29135928170757,60.751904601207926,2.787801192076652
Germany,2019,5087.769146395512,435.91747459794055,72.20535147012754,inf
Russia,2023,8644.69499538885,865.4348839509612,53.262997024454634,1.7900941335234397
India,2013,3602.2233150816373,730.1277222760792,58.55978714793254,3.549559631433196
Nigeria,2024,8126.194156225282,1138.493912374428,50.554485436514405,6.8444093821296015
Nigeria,2014,13443.755314605569,1120.131534695725,87.31011756241253,1.1812406405436084
UK,2018,3244.9173691616807,-1241.7780987378303,68.34074248748061,6.0813157504011714
Brazil,2020,13327.938633718319,953.9025802489359,87.26961613266033,9.972544756705027
China,2022,,409.2374807951596,85.19009609177374,1.4429882308668545
France,2024,4775.400886915025,1257.3661472745637,,2.9858595365957363
Japan,2011,,1204.1653431292139,,7.074038827487393
USA,2013,4933.514404685588,1063.6761852055909,80.40022179848394,3.8133822241747013
Japan,2022,8331.5161336036,-301.46948562797917,89.06244093291618,6.810423193525705
USA,2018,18703.968838167206,431.7059056444951,,7.892727794962678
France,2018,13894.781906957523,1352.2381756208526,65.74221344425263,2.1764559123078158
China,2015,13499.835413032402,1023.7406226633166,73.0024229383526,2.8613610382005663
UK,2021,,443.9437338310899,67.09866112666757,6.8069671826019755
Japan,2010,14955.251905278525,332.79232035286697,66.21301442587813,3.4224541389246625
Russia,2024,4132.905954465008,1098.9082357942154,86.37010777747969,4.3320896711611905
UK,2014,15075.322702600584,1256.8234522165315,,2.6453204968530333
USA,2017,19134.579253964555,533.5802521969529,63.56962644695345,1.561881945500023
China,2019,9826.238351276683,161.5289257408909,59.94159283709704,3.8524835959055324
UK,2017,,1226.9292240502962,62.098652698458785,8.728283091201165
Russia,2021,17173.172559921863,1072.8648210349743,55.86780456060726,7.212905622106561
China,2018,18911.476478695262,958.7312654863483,63.26467396431336,5.505213856877481
UK,2019,,719.69286813262,54.79811766923879,3.808576401868186
Brazil,2015,16087.441404961924,1207.3710840727692,55.49200130862281,9.571480771588522
China,2014,6710.687833402465,930.6160968357008,80.07300583826725,8.30751611174095
India,2014,18925.844104073418,444.9581717600634,84.34025818206217,2.185182130925863
Brazil,2016,,-1041.3490440244404,77.10892964805282,3.270832625216377
UK,2015,,244.71326408484907,,7.457184915507209
Japan,2013,9614.419161608126,1190.2462477425597,65.33588564233035,2.5145072965694153
Brazil,2015,16761.55541090342,772.9843879796996,,7.4834559872780115
Germany,2019,10320.05004209211,849.9950453140445,68.43593352826328,8.458380854362058
UK,2012,,996.0504623358969,,8.54968475713662
China,2017,13486.057014551614,978.8635907459764,64.51931361615486,inf
USA,2010,14562.357684650178,166.5007484755803,,inf
UK,2022,1134.4946936081042,1346.3691013024488,,6.682383798790389
France,2015,,355.8205863474561,87.68232877954381,3.6844520881071046
UK,2016,15555.004875036188,556.43929950784,55.57016283138816,1.0964376792582304
Japan,2013,10976.295272901965,-1366.3325577830165,,4.214731005937404
USA,2016,7013.014033418954,733.5559338537532,,8.919231640543131
France,2010,10209.311676125108,715.7833950821106,,9.844655868193474
Japan,2023,5149.463239202828,111.9760537688477,76.52584995900835,6.358297331411854
India,2020,8419.883949056366,596.8472050941425,81.40255684185725,2.7614137608968417
India,2024,,911.7584883140753,,5.122257549254818
India,2015,5281.614702284697,1055.438922448795,70.51498969221072,3.8876908847485923
Japan,2023,12001.792292066815,1394.0708883513391,67.41049118626215,9.286222607007575
China,2023,7031.333430506409,86.07846262573038,58.169684254737156,4.768256289949158
Russia,2020,4548.771586172466,10.315583123375196,86.60006150990108,8.59491470107836
India,2022,14897.386183441553,243.2622879479798,54.81454304839944,1.6084427452514483
France,2024,14535.77793770384,1301.0430653561605,,2.0722660479644333
USA,2019,,494.8763513674959,64.99299697399991,6.591975617401365
UK,2011,14430.618642591608,163.73900243369357,51.423609232259054,9.948972724171433
UK,2011,4808.0213085279265,-84.82442962275812,57.595013163836796,1.3506206171361779
Brazil,2015,7957.855713419999,1125.3384803873407,63.64977799030882,4.997650661905299
India,2024,,717.3627573971335,84.45782744085297,8.794321075411808
India,2020_est,396.23177072484214,1091.484366011647,68.42934400966695,9.899564871732968
China,2023,9767.995102333616,1381.7853640897335,80.18277444822947,3.237443961519757
UK,2019,10860.220589881763,1389.06853887523,84.30122431007695,1.8763020441209899
USA,2022,14186.165536837922,490.35562436043017,50.27929047521393,4.631328721242996
Nigeria,2016,4848.137550154432,1148.2282860234554,,8.447713245584353
Japan,2010,211.83918892894712,437.86861853630563,59.64660857231048,3.1021062496174987
India,2016,1550.0950713561615,270.10273587059737,72.2219827954248,3.6222496555397004
Russia,2020,8464.41669011713,533.844963682592,,9.14769099109464
india ,2020,9960.54803878603,468.91677093869015,,9.580625914438855
Nigeria,2020,1392.4935090258896,423.7338858199098,61.92264804680016,3.8836115752619342
Russia,2016,3452.8794967937038,1098.594388983939,54.899914478639566,6.7141599323784655
Russia,2020,2652.1513287751854,108.04453625420962,86.37718014743507,2.7111588968683513
UK,2013,,767.0369108389187,,9.599033722942607
Russia,2010,5089.831106439472,1204.9070300401231,56.752400231382566,8.685485939276676
Russia,2023,,721.3748346315781,80.77770317686227,9.41315965743505
USA,2012,,1149.2785686712264,85.52765398645217,2.7929771725336883
India,2014,5826.84905509223,411.6662496402713,65.08215724006796,4.539886033466699
UK,2012,10982.195428162575,-232.23287107935352,77.64986655143957,2.5080988537405586
USA,2023,6344.107945670041,709.6497315425542,81.8576224609391,7.655223099148546
China,2017,12981.58025692834,-226.5248322064365,71.88181382462311,1.7870185161989691
Nigeria,2011,7671.790900573686,584.7879771030432,51.59245757783015,3.4658928952297465
China,2014,19121.859451876488,1335.5493248832684,64.09308217010157,1.3879009805349165
China,2020,3746.0797986979946,555.1827328726208,87.9111879187692,2.270791571834664
Germany,2010,15317.613704630603,161.06872973082199,89.25030309565108,4.4345484919822145
France,2012,15549.64387020131,486.20160510747326,75.10675508635235,2.728144762660331
Russia,2010,,1313.9091539997025,,8.98722046191594
Brazil,2017,12583.58231329855,1133.4928135906268,52.761477476455,4.013101377016112
Nigeria,2024,6411.321870191693,893.5469975141324,64.23831093882562,2.336561034793127
Russia,2015,,1141.9936497300232,65.28493977839892,2.1904184358863352
Japan,2024,4094.4263067938964,340.10179418544374,61.99590371978145,6.785155634556782
Russia,2015,12098.720593846836,977.5510075781845,,8.415978866919804
Indai,2023,4240.935690884053,661.966639050234,82.03754886165721,2.621427829593573
Germany,2016,2375.289652067502,1238.3207150863057,63.71718651036784,7.154831124181288
Germany,2018,701.9023644259819,969.165174889135,62.64405246187882,1.5016676822869757
China,2020,12274.292678652717,344.7173043417108,,1.7252273105786222
Japan,2024,3113.8323716799173,424.1883573392228,53.590380022406286,9.197436382176837
China,2011,319.73145504277267,682.5657042213928,54.929898325302055,3.7691118053015367
China,2015,,234.7554290508417,88.63329278873331,2.8521493929047956
India,2022,,769.8813982072633,85.37914910387036,5.985939299528178
Nigeria,2014,,281.6866205120758,56.64917448206635,9.248402360039627
Japan,2010,6691.1963372306745,527.1943343984253,80.39294633713553,4.049411341805266
France,2016,,1035.7195989083325,73.8971697029368,8.928056444902772
Japan,2014,1182.1969853197584,367.3171421430001,,3.0428068552436893
Germany,2020_est,14929.32270858261,1287.6991631646779,66.95080479723694,4.079193401007054
Nigeria,2013,,628.3448816302817,,4.164848851077148
Russia,2015,18209.05976564034,800.8481217617725,,8.306260465157976
France,2022,6968.611029961712,612.8351205353283,83.93887097625058,4.269298165082292
France,2024,15919.915642346656,1317.9793283784675,74.92841492272028,7.674645587067
UK,2022,16140.92677841447,1184.6051119663332,65.80213351427184,1.4613711325839835
Japan,2010,8157.150170487443,946.5211593998848,68.01401543123171,7.740668357743587
Japan,2011,7268.2521034795445,-892.2943561346011,57.456792194158986,7.744324929804613
Russia,2018,11004.780182497912,293.64950007977484,61.67644693991229,7.737478377236491
Russia,2010,9755.50446609811,310.2837021463704,88.6908476148119,7.4361251783519915
Russia,2017,19151.269684287963,603.676013050877,69.00401362766883,9.081596945665172
Brazil,2011,10595.976936858615,993.1176875488774,60.0869150998212,5.020538218323765
Germany,2015,2644.3073430450313,-296.3122498689767,50.037736610705245,1.3533854648379422
India,2014,19550.2196989032,346.8716362400996,76.53242838016007,8.551897289196503
UK,2010,11103.077092883972,-222.87085511669912,79.12465749344665,6.402262690896247
Germany,2013,,1079.947805771351,89.0164147073898,6.16206952024039
France,2012,6964.494031273916,911.3657340913295,52.73762836970504,9.076575864894277
China,2012,2563.7440244962963,465.70154466128736,82.62981522504484,6.375811404976407
France,2020,7993.983301493353,668.0755665312797,84.18189572808721,4.060039474539029
France,2011,17419.06375928099,132.50685905760116,81.07193748834523,8.627928697492628
China,2014,3799.989526179307,608.1816799973586,,7.35943716094796
China,2016,10799.885807620803,893.0994519245662,57.85947867824844,2.9057127584717755
China,2016,,457.67387392206433,72.389786453347,8.721414225975959
Russia,2019,13405.163459681879,615.2008895256545,88.12480457576551,7.473206805182487
Japan,2013,18617.27101667849,743.3472828483103,60.356170991725584,1.4754401772824979
Russia,2021,14576.48005938024,178.61116722769242,62.11100513087869,5.792238170955077
France,2020_est,11375.448438039004,844.8106438121191,56.650213213988025,4.417636643394839
USA,2021,12420.44569691594,1358.0482218409609,79.10524550798755,9.30343381384562
Germany,2011,15291.798754620706,832.4865867604366,57.680934765453785,7.000170867032617
Germany,2011,12542.91540600616,847.4321469356004,69.59143471952963,5.75790943590348
Japan,2017,6821.96203693846,731.8446427728014,57.90223622713913,8.246569576243392
Germany,2020_est,3878.383703034415,128.10314294635833,67.4498410542863,6.924766955554556
India,2013,8866.79313368412,394.68824341231897,72.32684735561763,4.1230210187097995
Japan,2018,18670.780264507335,1292.4767440489652,70.09487279888381,3.950955946164327
Nigeria,2012,14795.221796341453,61.03099144146263,68.99076024174605,4.026910548433001
China,2021,,-26.684207909028736,72.11259502873396,7.6659722295996335
France,2018,9803.356152976017,128.7102119261831,88.8984556011161,5.662093882384881
China,2024,12360.887637516425,338.88759796343516,69.33992340427216,4.862345427624897
USA,2010,1682.937671639278,157.56289143097945,83.49890078475099,3.1583795698593122
USA,2017,4060.173775672885,711.8269172376936,80.74988525450053,1.5575186672108914
Russia,2016,11620.796808837466,175.70251554839697,51.45844203302474,1.4746955694599566
Nigeria,2012,16716.44934252714,173.9817522430056,51.806054576491675,4.94109898428621
Inida,2014,16911.070744452092,374.74764332012967,66.86850470103666,1.359302793073761
USA,2022,9091.754579870541,812.8821820856158,72.8362821500858,3.9918402295692865
China,2020,6447.556977130083,158.20683032187105,64.67193282585073,1.8954520198566818
India,2011,15378.599705298622,1353.1212738699783,88.80297826666828,8.785639894378544
France,2013,12095.684556924458,984.2033191689931,61.40823210721656,6.676933781553585
Nigeria,2024,,680.0041022899362,80.31106241500632,3.537265200375265
UK,2022,6497.184311551494,1295.252089668805,52.24897179403889,5.370708685720063
UK,2020_est,18273.45584807566,858.4045808672382,71.85628296848529,3.247697613064197
Inida,2015,6996.8546834760755,1194.3472979685232,72.36872527073832,5.6326797438110185
China,2017,2171.678328092573,32.27913747262114,88.54740754748197,4.392875505581575
Japan,2012,12143.618629570185,120.80395173032613,77.32457142892187,9.393100378353648
USA,2013,11598.17200934891,185.3002981018207,73.26886109893907,7.897124917941872
Brazil,2017,8247.047424165568,1232.9744696386404,75.94731813429458,9.093240264602823
Russia,2023,12545.405162697276,192.49028108670566,62.38766844420756,2.8161545342721124
USA,2022,18194.764654793875,1066.9560935296008,77.05593475640023,3.708696876684595
USA,2024,3844.0864865942276,1061.4670123045873,68.96631783516318,3.032105969355662
Nigeria,2023,12409.115167672448,66.06405447244825,63.04681016513014,5.2170129513202115
Japan,2012,3129.5750153662357,1378.669723851267,58.36389458358457,2.1731781703893898
Russia,2017,,1078.9949750920166,67.02022637087371,6.088743457772842
Nigeria,2021,,57.859518916907234,67.83302199308065,8.349897188814612
USA,2022,17727.729798409793,130.5221289579399,71.53452408404091,9.219067176513434
France,2011,7881.86053707815,1163.0965056854322,,9.418550407010189
Germany,2018,15078.181687119792,1318.4548059737933,,4.270635387994843
Germany,2022,18775.987215989506,393.0378190697581,63.2869008824693,7.307275762015663
Brazil,2021,15353.262730602648,1301.870842550324,58.19209636224838,8.181982316973016
India,2017,14823.211857259876,98.67443319250104,,3.5448891135408873
Nigeria,2024,6228.910402209802,1376.2961625810342,75.71109653919711,7.459085420141497
Brazil,2015,19537.029218837182,534.3104776161177,82.07360673811223,4.910778669740458
China,2012,17416.766701936598,261.1139824227114,87.90744708257118,2.968945375697917
France,2022,6659.1660382224445,1061.107205408425,65.75020566261627,6.4739023908980196
Nigeria,2018,9002.555321174685,1041.8942125547967,59.13325009474443,1.526121885131893
Brazil,2021,6138.6020699667115,669.289044167118,56.72080208770714,4.193175606907499
India,2022,8119.663762212657,89.77466272670023,,8.959090851741587
Nigeria,2014,3204.509676470438,840.9531386281045,76.58956819643385,4.774012123773595
UK,2020,14081.732229812545,580.9168454525068,70.1854915190974,1.0661774009898428
Nigeria,2017,13896.058259866839,929.2663237331669,51.53603509305378,4.314250966556198
India,2022,19584.830447675013,594.8238219703774,70.07781620527368,9.189371423437468
Brazil,2015,14401.785142141976,819.0774822626707,81.9121872536429,inf
France,2015,,670.4006272552512,65.44203742607343,9.700355260166145
Japan,2024,14003.891834948938,125.6800620292205,84.51838493252075,5.3250394675264126
India,2021,,774.1069846770024,66.68657115902809,8.899744643763624
Germany,2024,4239.09315146587,1158.7858071941343,72.3075476474181,1.4914927289212214
Brazil,2010,,722.5351893034479,61.6350741692633,5.224661577903323
Indai,2021,17185.58411364628,433.81534289523825,57.707055859468014,2.1616412223779333
Germany,2024,6097.616088126183,1094.2668409856603,68.86505460781046,3.04733443324186
China,2019,3490.462992273034,472.49397234942694,87.59697491542835,4.087240413310219
Nigeria,2023,19764.85670390178,684.470333513845,57.166556731606036,9.020260826141584
Nigeria,2012,9315.036388069573,996.4431674712889,89.34846332836608,1.451578152879766
USA,2012,2114.5522837938292,1011.4348706332311,,2.6587125725508916
Russia,2024,979.3652204306441,40.36692966082051,80.97942412479163,2.20990084632595
INDIA,2019,,852.1965730994814,67.13407202275386,1.243959871026098
India,2015,15713.329751240595,24.61338211289835,80.47559577509936,9.039740444093104
Japan,2018,,754.4040376059395,,4.502877567610949
USA,2023,17771.005800333132,1252.5675798312868,63.43265458566138,6.535627786132282
Germany,2019,18552.76973048811,1347.2613135284787,,5.075423247558941
Brazil,2023,5718.14745538481,1342.8319037346698,,6.218466184429525
UK,2021,5794.4952968690495,397.8215235834373,66.19874349504754,9.989136422340891
USA,2019,1288.3328754284769,814.1731273029087,,2.3906874699146705
China,2023,8903.346247103394,719.5395825715534,60.351696334580964,3.8481141778697454
Japan,2023,1921.9470010674745,431.47549954350825,88.66233757522176,9.502366435052336
India,2015,6830.590144712303,803.4869714274786,86.38381564443777,1.0556544037680702
Russia,2024,16251.53469268432,1328.2336783765975,53.653029373342285,2.4530291742962893
India,2016,19222.776794872836,757.1807996600813,50.567865378868945,3.3186879888717624
France,2012,9108.88475052342,973.1433863244271,79.32641512547198,9.958793616329105
China,2019,5892.721747798429,758.1259415971806,71.33294191438421,4.650807335025138
UK,2012,3549.40549807992,1368.664622825541,84.13268746666344,5.4849972546481345
China,2016,12144.25936914379,325.8928644479306,71.75148281566987,7.254731198093283
UK,2017,10400.307162054458,1386.4963871130683,74.45366624990905,4.338763413329522
Brazil,2012,15488.610146793595,246.94289109848245,65.38063254825066,4.122630553398272
USA,2024,8749.780483133989,1096.6739580409296,69.3669212865363,8.146130052393666
Nigeria,2020,11614.480282169345,485.4765141740019,82.3991497473389,3.1446070349778243
India,2014,4642.783000035951,711.2590644362217,60.433969838483556,1.0817833145609468
India,2010,13036.29104051627,720.4204118466332,67.82071257972645,9.702716631564838
Russia,2014,11509.74384246569,1210.1698931272444,55.57800944820641,6.122858168164849
USA,2023,17385.99660927188,820.5170026190582,,4.348392110309867
UK,2023,2030.5004373339189,646.4814102266292,65.7791756335543,8.803541641410526
Nigeria,2024,,1353.7605762738003,88.32552479217985,3.2286847876429485
Russia,2015,7091.428718450946,1254.8224798147003,88.6648888358443,4.990951925524397
Brazil,2023,6555.741503689776,741.2706784196434,77.5107682546294,3.461270638374818
UK,2016,14782.168857457642,81.80372638935104,51.971779710576655,4.476589346309908
France,2017,,448.7301693603417,69.6407905067564,3.886602240804141
China,2015,,440.16267323315526,88.9961709124094,4.7000207529536375
UK,2017,,811.3975360320846,89.33363073656906,3.174411487921867
Nigeria,2019,,1005.2187240229965,74.29297667172264,1.7972050567297968
UK,2016,13602.071061386014,99.09164834028391,73.84570598199588,7.656230594995684
Brazil,2020_est,4377.203834275018,1179.854590484456,51.21415222132017,8.594315772924755
India,2018,9314.515202726749,312.4472365049858,55.35112579975872,9.579764508241354
Inida,2023,1638.778634106903,286.7398537109367,63.91289389732184,6.582113640650084
Russia,2020,10987.061488466748,184.64445445311642,61.58911934952859,3.1487659397742167
USA,2015,4428.14851890876,581.4906277071819,78.16125810366628,2.9570763899551236
France,2017,7460.241818119031,553.3752233092156,,9.59199721191162
Russia,2019,16042.724138491103,345.9058999386674,52.721492563666786,3.852137239485623
Brazil,2014,,713.2368622034875,81.10911640271172,8.724906449909723
China,2014,16928.30889112807,509.9490301000642,77.48937373842732,3.8155077777179804
Japan,2014,1405.9297560566176,985.1757191880898,50.39310210279152,4.682643287126397
France,2022,,973.7947785412049,80.64981891041515,3.7368517237415544
Germany,2024,,418.5442971018579,67.85305439946245,7.543166743127205
Germany,2020_est,13919.820538650814,1382.442176513958,59.00644096863728,6.960861221856241
Germany,2012,,1281.9868517411417,56.254485665795,7.766183472282397
Nigeria,2020,11451.718602121613,391.78555900518853,68.97739656588696,4.00398937362818
Germany,2016,,1245.7108490323856,,6.685501764939256
France,2016,10471.207372871248,81.1200539592115,59.31434227504377,5.428015564888745
France,2013,6342.658618145155,262.6514008880599,70.16531367673753,3.905288141030653
UK,2010,5310.531334833611,654.9397302421293,55.331370323286926,9.349711597678667
Nigeria,2018,17380.501538800934,993.5926141793441,54.24855310353825,7.982895290227237
Russia,2014,16197.555096558575,1077.1928186229293,54.558635484769646,6.795171613609883
Germany,2020,16719.630955838093,812.5212276953381,,5.1252713148367555
Germany,2020,10668.404933704242,57.78383310889805,75.55852087893138,1.7330249160204327
China,2013,,416.7905857576969,71.81711800846853,2.2007470197088637
Nigeria,2021,,1115.0660363305738,56.53417798972626,1.9388177861669393
France,2014,3081.2065591897112,1229.2073110389174,71.12757047025426,5.2053489640675235
Nigeria,2014,2312.8940182266147,912.8828493921769,84.7199836758036,8.453672823911077
INDIA,2016,12595.883237819866,114.63741614582634,54.495881087040516,1.443780883988422
Japan,2024,5298.088486550892,198.56943935292506,60.401921610097354,4.465522501470655
Nigeria,2024,18871.059124608488,858.422723096552,83.3989514273185,7.39316350641099
USA,2023,2427.5619844273087,1032.9293648597888,61.003955262364975,6.751970622952357
Japan,2023,6951.047078131172,1396.7644459378762,60.54205917987112,3.512174236968427
Japan,2012,,44.25572244448851,77.86755951492788,7.527937516622903
France,2019,16760.295832725908,1364.4706417874806,89.02407676626609,1.587490818098175
Russia,2015,16472.41859050747,908.37080778376,,2.155149339532253
France,2015,13073.705895623936,1375.6507870357345,86.47274278157788,4.952175947243655
USA,2010,990.9698710646679,-513.5879511002847,83.0556124640222,7.313491913186494
INDIA,2012,9295.004380760336,86.59113387077522,67.07578911293211,5.221224457460951
India,2018,18585.399551303894,901.1096839792017,62.466116666185954,5.727864380056492
USA,2013,,1361.8698475531342,,5.3008061942182225
UK,2024,,958.6913048615182,76.48928633318371,7.43790079476222
India,2019,5509.235946316033,448.7791888180517,55.010049243848314,6.899589746615013
Nigeria,2015,987.9831212459204,840.7784463776081,84.78783539406535,9.0174893346067
UK,2014,9090.94765532524,648.4321266161726,53.078767320320694,7.036885228987321
France,2021,16460.93652338234,350.0705259005511,66.85203526533459,8.549554030887432
France,2022,17566.985259713303,348.0201725672741,72.02282538165457,2.7324383557224436
Germany,2017,2217.19952996322,1276.457496934821,82.82030016928437,7.840314116228565
France,2015,1165.5731125001803,1182.783021867258,67.52176303621535,4.081556109662737
USA,2019,11020.231948302453,136.9810073857426,80.26586197409596,6.241915691994663
Russia,2022,,271.6427576789734,,1.5130214879674058
Germany,2019,11838.40929755936,1178.0839668480262,,1.441041804741462
india ,2021,11540.851478401526,1149.0990026866127,63.06955562274534,4.1465295892695
Inida,2010,12007.660650436163,391.15591588256433,51.064334643107365,7.617056662914365
Germany,2016,12587.868276240772,817.2508386873661,79.66736515967293,7.0770775380583375
Germany,2011,4276.463365930758,499.94865525125806,55.044405667145,2.168713120760929
France,2014,13588.675777859477,1203.4541487056724,88.50930335444556,6.655124057945
India,2024,,156.85398017401369,82.51403886147031,6.208808287239993
USA,2019,12442.043416071652,1096.232303369046,78.13108910929806,8.51012427570487
India,2017,1313.0353281055939,1049.0536850776416,84.03411029288381,3.575215382124829
Nigeria,2024,12880.856025066407,446.6852687333912,88.31884265929816,1.300812151919534
Japan,2017,11679.89830789251,241.43993039882596,78.48880820708635,2.583012550767959
Germany,2012,4860.588585587479,697.1754273536037,86.59339799987512,2.9054293493317376
Japan,2014,3055.95241813845,1064.9777962771027,70.02478129335724,9.206066011435942
India,2020,3102.968231764877,907.8397713020247,59.3151658460726,2.4108438578647537
Nigeria,2010,13731.902420113956,835.2216216731392,80.19309833449324,3.785163188015641
India,2013,9069.838796367361,573.6056300992817,89.36357855866058,3.630240610654491
Nigeria,2012,6037.3813192659845,502.82201027176427,72.58376325161287,3.270904698373707
France,2011,,379.30293516410626,,1.9312755728192619
India,2011,13199.941507513116,1270.7098706291588,56.74997753592918,9.714942640893295
Germany,2017,9167.090536227131,1324.544000733024,77.07280174520187,3.7142818288619637
Nigeria,2018,3928.389993358707,432.1917142528882,53.720696370507,2.294811697089968
UK,2024,2272.2767188603266,597.8915258007653,,2.2724519879470617
Russia,2016,2780.3445768122506,-904.3662398290897,57.88731927872265,1.8784903429809243
France,2022,3503.6018484704373,1293.9866402687187,,4.186581061195847
Nigeria,2021,,756.813186398573,77.08497053930256,7.1440403721648345
France,2012,12648.93349818786,379.8809022668589,51.56025683051273,5.10010103791098
Japan,2024,17841.282916875934,801.6011893408205,83.29564166807631,9.924619086651052
Japan,2012,3439.60084193787,971.5709184073554,76.97174294800098,9.819599026224505
Nigeria,2013,,964.48327029654,59.74459167928777,8.187002543175392
USA,2024,2319.1768573785544,1095.1720327985638,86.40784496578786,4.4455005529159175
UK,2022,12686.578840664994,607.8983976145886,,3.7933380019730807
Japan,2019,15290.166484916428,1311.2854241914422,87.63003436937845,2.5730315638744043
USA,2023,10000000.0,1035.0297035836998,60.113496027611575,1.605561516293631
UK,2010,5506.345884310684,1277.9694491263206,75.32714699583089,7.489491948080847
india ,2018,5291.616551960098,1009.9495362490002,51.12486025111695,4.377892111957124
India,2017,12609.716301138158,213.07422610243512,82.92014297787739,3.1152816893072677
China,2020,13115.166033805235,573.2240281797083,73.84174381910589,1.967054973660173
USA,2015,534.873438447825,1274.2945540586186,,8.37709302502413
China,2022,19987.135949349562,303.88944861848654,60.60682964733422,6.9657380887119915
Brazil,2021,19315.8829650923,-1282.981943985134,70.11502080262339,8.155992542740522
India,2023,2887.767891378041,1368.639076043577,88.57412936143946,2.4735606209125387
France,2020,,149.21544653440603,60.86870395592719,8.34360210473686
Germany,2010,7690.649021872137,132.87178433399413,63.689020991156184,9.83245000817152
China,2012,12667.735186132219,588.4637155045592,56.6615405398908,9.875591175553254
France,2022,16452.81038340995,401.253450406778,52.80274782884758,1.5096300163980223
Japan,2015,2583.48736020957,817.268331224046,87.1505368482197,5.470690852053861
Indai,2013,16890.320552632704,629.7824016051329,78.343341830713,7.586854635578508
Inida,2017,3644.4813768861054,512.0903219763784,75.49208626152095,1.6362694736592958
UK,2015,7358.495717706541,753.3712581308575,,5.270802063601966
India,2019,16357.923790863606,-610.5735262425986,81.85562890478835,6.358733214580976
USA,2010,17754.589741747488,581.2101477666528,,6.670168125569447
China,2013,8464.18224764937,210.5937407255993,53.742376276493424,1.150043955396698
Germany,2023,17495.97843205525,338.7001280117854,58.46026997127072,7.62431860383459
Germany,2017,6536.319039130357,713.4021224524529,56.50044261189825,9.637711493157724
Russia,2021,17061.3117203413,1210.6675759213545,66.27094994288021,7.8612509233645556
Germany,2021,3048.747876717647,21.980413602574586,50.79891730312112,6.279415636641044
India,2018,9216.819123909228,730.0413349828425,,4.804179576916831
Nigeria,2014,14417.749591777045,-625.3442457347359,79.2887682524889,3.097170679571513
Germany,2010,,827.9194242302987,58.430523977196245,3.1304842826844963
Germany,2012,,1163.6160345652963,66.6251112811662,3.32470386214833
Brazil,2015,17366.82981682989,940.2829255336605,67.92341949132306,5.391101757513717
Nigeria,2019,,881.2556557901331,,9.960806590069144
India,2022,9707.633602185379,685.3809926035623,72.63407149642688,9.250804028068721
India,2017,16056.198377223056,637.0707970189995,,6.276119489026855
Germany,2012,9948.867564284728,277.3189241702472,,3.2123672832031716
India,2013,18313.87456706276,476.21547075992225,88.0905605813349,5.797497610852401
France,2021,,764.6872178401655,55.17522467866804,4.382390971071469
USA,2014,2163.093023096954,875.9061214149007,67.87496780801756,8.00186474413843
China,2011,4565.315523787523,238.74682121677554,66.2532892385507,9.33926844896543
Nigeria,2024,14266.351937245752,592.3038384621569,70.69088679017241,1.7579171005938852
Japan,2011,,936.3061535259374,61.4161627385369,6.272275547937199
Indai,2012,2367.7508481660807,1352.512969642541,56.991399515334635,6.832272862496928
Nigeria,2023,,1007.4103218814647,81.07285468961123,7.060777560202894
UK,2010,12367.089313052813,1250.5320405932962,53.14506843959032,3.9782328920217567
Russia,2018,5116.09209669075,1383.339407270936,65.57559118667494,7.593514293163588
Nigeria,2021,,304.79292009355504,59.55990720846205,3.5315610719773067
France,2014,8340.320109535709,335.71184125423224,50.78605930987391,8.91453751126476
India,2015,19319.074661341503,484.78283797387945,63.54027517701891,1.0638263149693388
UK,2024,13668.963628941407,1157.361455090594,55.86433201440013,2.4369971443043568
Japan,2010,15843.648349434467,866.644140212261,51.79442230510868,6.602922914160535
Germany,2016,6316.570912306568,522.5279661044758,80.78925673187521,8.298416734053497
Japan,2017,8127.061211428647,1326.5425810488332,66.2585087180829,7.946524317070989
France,2016,,1257.5699338656968,86.31044974600715,inf
Japan,2018,18742.56795994247,1157.4934297133777,81.65242857250668,2.808202057169702
India,2021,16141.360333342365,1191.6845012122012,61.56601337816603,9.570340705260914
USA,2024,1187.230898703452,218.37386201352413,71.50324552206058,6.182132240100787
Germany,2016,12973.971649357887,33.58708974849837,88.41467098488522,1.401292834607296
Brazil,2016,3032.6266639233672,29.480179361219204,72.67433733176378,9.39040195528875
Germany,2024,13385.753888393192,1153.493881187794,,5.878137686317535
India,2020,9299.346954609333,703.5654424669024,52.888527413407516,7.159918249623767
Nigeria,2016,10163.764214200963,1073.556901307157,69.41162536246861,2.3444347260378886
China,2012,7615.894353177778,1331.4928859097836,79.2797576724562,6.387926357773329
China,2024,3289.169080760243,226.8323832673217,52.323344486727976,8.795585311974417
USA,2014,,994.2208831365032,50.823379771832094,9.72918866945795
Japan,2022,16682.36428784835,305.15136384280385,57.27299868828403,2.650640588680904
France,2016,,-739.4114399688106,,3.6210622617823773
China,2014,12314.687315503113,203.89646630633814,61.685785941408724,4.297256589643226
India,2022,9230.185687497311,1101.394586336289,57.98695128633439,5.628109945722504
India,2011,11929.80846346844,74.56607368079683,74.30179407605753,2.5347171131856236
USA,2015,1488.0215411085344,-1328.9508967821332,88.62528132298237,8.275576133048151
Japan,2017,,145.76423846887357,77.36932106048627,4.961372443656412
Brazil,2019,2616.3570499266207,698.2959050546656,51.375540844608736,9.18388361870904
Russia,2014,,930.905975252035,62.46844304357644,5.680612190600297
Japan,2021,11024.863530996938,-266.9476931804826,88.78338511058234,7.976195410250031
Brazil,2014,18802.079042970945,1253.810017094432,73.9159991524434,9.296868115208051
Nigeria,2015,1952.151540628006,282.4161787626118,51.80909155642152,3.927972976869379
USA,2023,7895.810335851744,387.1751541657153,83.14950036607718,4.210779940242304
China,2015,5762.503291810139,764.3475555899654,55.636968998990504,8.219772826786357
Brazil,2016,1676.1027448594623,1381.772841874719,80.8897907718663,2.7884411338075514
Japan,2012,309.3379190473275,1143.4913855522195,78.27429375390469,7.561064512368886
Brazil,2014,,112.9220659103856,64.33862914177091,2.0428215357261674
China,2013,17289.44783233675,876.3843962903055,63.23592099410597,1.5720251525742128
UK,2018,6357.449969970112,462.0048176171784,79.18424713352256,6.738017242196918
Russia,2018,17766.812303011266,666.3787459751095,54.78376983753207,7.419203085006955
China,2010,15263.543962614569,790.1753046215998,80.83868719818244,5.444160367279517
Russia,2011,10550.110021763483,604.282015518384,51.01676506976381,1.97102284293974
Russia,2022,822.2978765973381,894.6104716566548,62.57423924305307,5.577136220482325
France,2016,18169.816183736642,356.5161985169362,66.41531692142519,7.799960246887438
UK,2018,4730.203676734125,117.00207466202225,61.59005811655072,2.4509915852860398
Germany,2018,,1133.2873275945396,75.33615026041694,8.84314531168946
UK,2016,16112.707122602465,269.33238185158984,85.70235993959912,5.854080177240856
Russia,2024,16187.315072248439,1255.5669068936556,62.72013899887455,1.9904673207490908
Russia,2013,4713.116218330445,603.6798261904963,82.72059063689971,8.74657524930709
France,2015,337.65218451757596,719.9387505828164,66.69644012595116,2.9989702942365724
Russia,2021,,479.28508825104285,87.71638815650077,3.908826388186797
France,2016,10472.054310518648,987.1963528642972,64.54518409517176,9.746038744488645
China,2011,19256.456439853802,359.97739119725617,69.88994023569542,3.707904788350927
China,2015,5839.841788673859,61.272856822800584,74.38257335919587,5.524111209059753
India,2017,1219.2792747497892,397.3185852888899,86.33063543866615,3.1560570160027517
Nigeria,2022,10000000.0,690.3393367858126,,3.178497443603504
India,2021,13508.283838636395,1068.6512653069174,59.50550175969599,7.553947137506736
China,2010,7482.106027841214,888.9051045250754,75.34118843043579,5.821972156672826
France,2012,1987.7374470772843,1171.0704688690407,62.83120259886943,2.678666593598688
UK,2021,1007.3478027843255,831.3411910316561,77.1025744736913,1.1492904603507053
Japan,2021,10339.442554325764,324.82912752513374,75.80691161637799,2.569297861044923
China,2017,13880.567214428826,547.562131357747,87.46919954946938,2.2376884973139393
Japan,2024,,167.7281945244188,86.98774473114251,8.896054180428829
Russia,2012,5307.244228760081,927.3778239875089,,5.996807304395161
Germany,2020,10687.081451448928,346.17468435162783,53.72411071223597,9.074941821579941
USA,2019,18028.277531833945,890.0110256098425,63.56119164194803,4.142886171513948
USA,2015,14573.922441630739,-1256.9832613340823,85.48345697060469,8.018879912718614
